DATE,EASTERN GAME TIME,LOCAL GAME TIME,REST DAYS,ROAD TEAM,HOME TEAM,REST DAYS,ARENA
10/22,8:00 PM,8:00 PM,3+,New Orleans Pelicans,Toronto Raptors,3+,Scotiabank Arena
10/22,10:30 PM,7:30 PM,3+,Los Angeles Lakers,Los Angeles Clippers,3+,Staples Center
10/23,7:00 PM,7:00 PM,3+,Chicago Bulls,Charlotte Hornets,3+,Spectrum Center
10/23,7:00 PM,7:00 PM,3+,Cleveland Cavaliers,Orlando Magic,3+,Amway Center
10/23,7:00 PM,7:00 PM,3+,Detroit Pistons,Indiana Pacers,3+,Bankers Life Fieldhouse
10/23,7:30 PM,7:30 PM,3+,Boston Celtics,Philadelphia 76ers,3+,Wells Fargo Center
10/23,7:30 PM,7:30 PM,3+,Minnesota Timberwolves,Brooklyn Nets,3+,Barclays Center
10/23,7:30 PM,7:30 PM,3+,Memphis Grizzlies,Miami Heat,3+,American Airlines Arena
10/23,8:30 PM,7:30 PM,3+,Washington Wizards,Dallas Mavericks,3+,American Airlines Center
10/23,8:30 PM,7:30 PM,3+,New York Knicks,San Antonio Spurs,3+,AT&T Center
10/23,9:00 PM,7:00 PM,3+,Oklahoma City Thunder,Utah Jazz,3+,Vivint Smart Home Arena
10/23,10:00 PM,7:00 PM,3+,Denver Nuggets,Portland Trail Blazers,3+,Moda Center
10/23,10:00 PM,7:00 PM,3+,Sacramento Kings,Phoenix Suns,3+,Talking Stick Resort Arena
10/24,7:00 PM,7:00 PM,3+,Atlanta Hawks,Detroit Pistons,B2B,Little Caesars Arena
10/24,8:00 PM,7:00 PM,3+,Milwaukee Bucks,Houston Rockets,3+,Toyota Center
10/24,10:30 PM,7:30 PM,1,Los Angeles Clippers,Golden State Warriors,3+,Chase Center
10/25,7:00 PM,7:00 PM,2,Toronto Raptors,Boston Celtics,1,TD Garden
10/25,7:00 PM,7:00 PM,1,Minnesota Timberwolves,Charlotte Hornets,1,Spectrum Center
10/25,7:30 PM,7:30 PM,1,New York Knicks,Brooklyn Nets,1,Barclays Center
10/25,8:00 PM,7:00 PM,1,Chicago Bulls,Memphis Grizzlies,1,FedExForum
10/25,8:00 PM,7:00 PM,1,Dallas Mavericks,New Orleans Pelicans,2,Smoothie King Center
10/25,8:00 PM,7:00 PM,1,Washington Wizards,Oklahoma City Thunder,1,Chesapeake Energy Arena
10/25,9:00 PM,7:00 PM,1,Phoenix Suns,Denver Nuggets,1,Pepsi Center
10/25,10:00 PM,7:00 PM,1,Portland Trail Blazers,Sacramento Kings,1,Golden 1 Center
10/25,10:30 PM,7:30 PM,1,Utah Jazz,Los Angeles Lakers,2,Staples Center
10/26,5:00 PM,4:00 PM,2,Miami Heat,Milwaukee Bucks,1,Fiserv Forum
10/26,7:00 PM,7:00 PM,2,Philadelphia 76ers,Detroit Pistons,3IN4,Little Caesars Arena
10/26,7:30 PM,7:30 PM,2,Orlando Magic,Atlanta Hawks,1,State Farm Arena
10/26,7:30 PM,7:30 PM,3IN4-B2B,Boston Celtics,New York Knicks,3IN4-B2B,Madison Square Garden
10/26,8:00 PM,7:00 PM,B2B,Toronto Raptors,Chicago Bulls,3IN4-B2B,United Center
10/26,8:00 PM,8:00 PM,2,Indiana Pacers,Cleveland Cavaliers,2,Rocket Mortgage FieldHouse
10/26,8:00 PM,7:00 PM,B2B,New Orleans Pelicans,Houston Rockets,1,Toyota Center
10/26,8:30 PM,7:30 PM,3IN4-B2B,Washington Wizards,San Antonio Spurs,2,AT&T Center
10/26,9:00 PM,7:00 PM,3IN4-B2B,Sacramento Kings,Utah Jazz,3IN4-B2B,Vivint Smart Home Arena
10/26,10:00 PM,7:00 PM,1,Los Angeles Clippers,Phoenix Suns,3IN4-B2B,Talking Stick Resort Arena
10/27,3:30 PM,2:30 PM,2,Golden State Warriors,Oklahoma City Thunder,1,Chesapeake Energy Arena
10/27,6:00 PM,5:00 PM,1,Brooklyn Nets,Memphis Grizzlies,1,FedExForum
10/27,7:00 PM,6:00 PM,1,Portland Trail Blazers,Dallas Mavericks,1,American Airlines Center
10/27,7:00 PM,6:00 PM,B2B,Miami Heat,Minnesota Timberwolves,1,Target Center
10/27,9:30 PM,6:30 PM,1,Charlotte Hornets,Los Angeles Lakers,1,Staples Center
10/28,7:00 PM,7:00 PM,3IN4,Chicago Bulls,New York Knicks,3IN4,Madison Square Garden
10/28,7:00 PM,7:00 PM,1,Indiana Pacers,Detroit Pistons,1,Little Caesars Arena
10/28,7:30 PM,7:30 PM,1,Philadelphia 76ers,Atlanta Hawks,1,State Farm Arena
10/28,7:30 PM,7:30 PM,1,Orlando Magic,Toronto Raptors,3IN4,Scotiabank Arena
10/28,8:00 PM,7:00 PM,1,Cleveland Cavaliers,Milwaukee Bucks,1,Fiserv Forum
10/28,8:00 PM,7:00 PM,B2B,Golden State Warriors,New Orleans Pelicans,3IN4,Smoothie King Center
10/28,8:00 PM,7:00 PM,3IN4-B2B,Oklahoma City Thunder,Houston Rockets,1,Toyota Center
10/28,8:30 PM,7:30 PM,3IN4-B2B,Portland Trail Blazers,San Antonio Spurs,1,AT&T Center
10/28,10:00 PM,7:00 PM,2,Denver Nuggets,Sacramento Kings,3IN4,Golden 1 Center
10/28,10:00 PM,7:00 PM,3IN4,Utah Jazz,Phoenix Suns,3IN4,Talking Stick Resort Arena
10/28,10:30 PM,7:30 PM,3IN4-B2B,Charlotte Hornets,Los Angeles Clippers,1,Staples Center
10/29,7:30 PM,7:30 PM,3IN4-B2B,Atlanta Hawks,Miami Heat,3IN4,American Airlines Arena
10/29,9:00 PM,7:00 PM,1,Dallas Mavericks,Denver Nuggets,B2B,Pepsi Center
10/29,10:30 PM,7:30 PM,1,Memphis Grizzlies,Los Angeles Lakers,1,Staples Center
10/30,7:00 PM,7:00 PM,1,Chicago Bulls,Cleveland Cavaliers,1,Rocket Mortgage FieldHouse
10/30,7:00 PM,7:00 PM,2,Minnesota Timberwolves,Philadelphia 76ers,1,Wells Fargo Center
10/30,7:00 PM,7:00 PM,1,New York Knicks,Orlando Magic,1,Amway Center
10/30,7:30 PM,7:30 PM,1,Milwaukee Bucks,Boston Celtics,3+,TD Garden
10/30,7:30 PM,7:30 PM,1,Indiana Pacers,Brooklyn Nets,2,Barclays Center
10/30,7:30 PM,7:30 PM,1,Detroit Pistons,Toronto Raptors,1,Scotiabank Arena
10/30,8:00 PM,8:00 PM,1,Houston Rockets,Washington Wizards,3+,Capital One Arena
10/30,8:00 PM,7:00 PM,3IN4,Portland Trail Blazers,Oklahoma City Thunder,3IN4,Chesapeake Energy Arena
10/30,10:00 PM,7:00 PM,3IN4,Charlotte Hornets,Sacramento Kings,1,Golden 1 Center
10/30,10:00 PM,8:00 PM,1,Los Angeles Clippers,Utah Jazz,1,Vivint Smart Home Arena
10/30,10:30 PM,7:30 PM,1,Phoenix Suns,Golden State Warriors,3IN4,Chase Center
10/31,7:00 PM,7:00 PM,1,Miami Heat,Atlanta Hawks,3IN4,State Farm Arena
10/31,9:30 PM,8:30 PM,3IN4,Denver Nuggets,New Orleans Pelicans,2,Smoothie King Center
10/31,10:30 PM,7:30 PM,2,San Antonio Spurs,Los Angeles Clippers,3IN4-B2B,Staples Center
11/1,7:00 PM,7:00 PM,1,Houston Rockets,Brooklyn Nets,1,Barclays Center
11/1,7:00 PM,7:00 PM,1,Cleveland Cavaliers,Indiana Pacers,1,Bankers Life Fieldhouse
11/1,7:00 PM,7:00 PM,1,Milwaukee Bucks,Orlando Magic,1,Amway Center
11/1,7:30 PM,7:30 PM,1,New York Knicks,Boston Celtics,1,TD Garden
11/1,8:00 PM,7:00 PM,1,Detroit Pistons,Chicago Bulls,1,United Center
11/1,9:30 PM,8:30 PM,2,Los Angeles Lakers,Dallas Mavericks,2,American Airlines Center
11/1,10:00 PM,7:00 PM,1,Utah Jazz,Sacramento Kings,1,Golden 1 Center
11/1,10:30 PM,7:30 PM,B2B,San Antonio Spurs,Golden State Warriors,1,Chase Center
11/2,5:00 PM,4:00 PM,1,New Orleans Pelicans,Oklahoma City Thunder,2,Chesapeake Energy Arena
11/2,7:00 PM,7:00 PM,3IN4-B2B,Brooklyn Nets,Detroit Pistons,3IN4-B2B,Little Caesars Arena
11/2,7:00 PM,7:00 PM,1,Denver Nuggets,Orlando Magic,3IN4-B2B,Amway Center
11/2,8:00 PM,7:00 PM,2,Phoenix Suns,Memphis Grizzlies,3+,FedExForum
11/2,8:00 PM,7:00 PM,2,Toronto Raptors,Milwaukee Bucks,3IN4-B2B,Fiserv Forum
11/2,8:00 PM,8:00 PM,2,Minnesota Timberwolves,Washington Wizards,2,Capital One Arena
11/2,8:30 PM,5:30 PM,2,Charlotte Hornets,Golden State Warriors,3IN4-B2B,Chase Center
11/2,10:00 PM,7:00 PM,2,Philadelphia 76ers,Portland Trail Blazers,2,Moda Center
11/3,5:00 PM,5:00 PM,1,Chicago Bulls,Indiana Pacers,1,Bankers Life Fieldhouse
11/3,6:00 PM,6:00 PM,1,Houston Rockets,Miami Heat,2,American Airlines Arena
11/3,6:00 PM,6:00 PM,1,Sacramento Kings,New York Knicks,1,Madison Square Garden
11/3,7:00 PM,6:00 PM,1,Los Angeles Lakers,San Antonio Spurs,3IN4,AT&T Center
11/3,7:30 PM,7:30 PM,1,Dallas Mavericks,Cleveland Cavaliers,1,Rocket Mortgage FieldHouse
11/3,9:00 PM,6:00 PM,1,Utah Jazz,Los Angeles Clippers,2,Staples Center
11/4,7:00 PM,7:00 PM,3IN4,Detroit Pistons,Washington Wizards,1,Capital One Arena
11/4,7:30 PM,7:30 PM,1,New Orleans Pelicans,Brooklyn Nets,3IN4,Barclays Center
11/4,8:00 PM,7:00 PM,3IN4-B2B,Houston Rockets,Memphis Grizzlies,1,FedExForum
11/4,8:00 PM,7:00 PM,3IN4,Milwaukee Bucks,Minnesota Timberwolves,1,Target Center
11/4,9:00 PM,6:00 PM,1,Philadelphia 76ers,Phoenix Suns,1,Talking Stick Resort Arena
11/4,10:30 PM,7:30 PM,1,Portland Trail Blazers,Golden State Warriors,3IN4,Chase Center
11/5,7:00 PM,7:00 PM,3+,Boston Celtics,Cleveland Cavaliers,1,Rocket Mortgage FieldHouse
11/5,7:00 PM,7:00 PM,1,Indiana Pacers,Charlotte Hornets,2,Spectrum Center
11/5,7:30 PM,7:30 PM,1,San Antonio Spurs,Atlanta Hawks,3+,State Farm Arena
11/5,8:00 PM,7:00 PM,1,Los Angeles Lakers,Chicago Bulls,1,United Center
11/5,8:00 PM,7:00 PM,2,Orlando Magic,Oklahoma City Thunder,2,Chesapeake Energy Arena
11/5,9:00 PM,7:00 PM,1,Miami Heat,Denver Nuggets,2,Pepsi Center
11/6,7:00 PM,7:00 PM,2,New York Knicks,Detroit Pistons,1,Little Caesars Arena
11/6,7:00 PM,7:00 PM,1,Washington Wizards,Indiana Pacers,3IN4-B2B,Bankers Life Fieldhouse
11/6,7:30 PM,7:30 PM,3IN4-B2B,Chicago Bulls,Atlanta Hawks,B2B,State Farm Arena
11/6,7:30 PM,6:30 PM,1,Golden State Warriors,Houston Rockets,3IN4,Toyota Center
11/6,7:30 PM,7:30 PM,2,Sacramento Kings,Toronto Raptors,3+,Scotiabank Arena
11/6,8:00 PM,7:00 PM,1,Minnesota Timberwolves,Memphis Grizzlies,1,FedExForum
11/6,8:30 PM,7:30 PM,B2B,Orlando Magic,Dallas Mavericks,2,American Airlines Center
11/6,9:00 PM,7:00 PM,1,Philadelphia 76ers,Utah Jazz,2,Vivint Smart Home Arena
11/6,10:00 PM,7:00 PM,1,Milwaukee Bucks,Los Angeles Clippers,2,Staples Center
11/7,8:00 PM,8:00 PM,1,Boston Celtics,Charlotte Hornets,1,Spectrum Center
11/7,8:30 PM,7:30 PM,1,Oklahoma City Thunder,San Antonio Spurs,1,AT&T Center
11/7,9:00 PM,6:00 PM,1,Miami Heat,Phoenix Suns,2,Talking Stick Resort Arena
11/7,10:30 PM,7:30 PM,2,Portland Trail Blazers,Los Angeles Clippers,B2B,Staples Center
11/8,7:00 PM,7:00 PM,2,Cleveland Cavaliers,Washington Wizards,1,Capital One Arena
11/8,7:00 PM,7:00 PM,1,Detroit Pistons,Indiana Pacers,3IN4,Bankers Life Fieldhouse
11/8,7:00 PM,7:00 PM,1,Memphis Grizzlies,Orlando Magic,3IN4,Amway Center
11/8,7:30 PM,7:30 PM,1,Sacramento Kings,Atlanta Hawks,3IN4,State Farm Arena
11/8,8:00 PM,7:00 PM,1,Golden State Warriors,Minnesota Timberwolves,1,Target Center
11/8,8:00 PM,7:00 PM,1,Toronto Raptors,New Orleans Pelicans,3+,Smoothie King Center
11/8,8:30 PM,7:30 PM,1,New York Knicks,Dallas Mavericks,1,American Airlines Center
11/8,9:00 PM,7:00 PM,1,Philadelphia 76ers,Denver Nuggets,2,Pepsi Center
11/8,9:00 PM,7:00 PM,1,Milwaukee Bucks,Utah Jazz,1,Vivint Smart Home Arena
11/8,10:00 PM,7:00 PM,3+,Brooklyn Nets,Portland Trail Blazers,B2B,Moda Center
11/8,10:30 PM,7:30 PM,3IN4-B2B,Miami Heat,Los Angeles Lakers,2,Staples Center
11/9,5:00 PM,4:00 PM,1,Boston Celtics,San Antonio Spurs,1,AT&T Center
11/9,7:00 PM,7:00 PM,B2B,New Orleans Pelicans,Charlotte Hornets,1,Spectrum Center
11/9,8:00 PM,7:00 PM,2,Houston Rockets,Chicago Bulls,2,United Center
11/9,8:00 PM,7:00 PM,3IN4-B2B,Dallas Mavericks,Memphis Grizzlies,3IN4-B2B,FedExForum
11/9,8:00 PM,7:00 PM,3IN4-B2B,Golden State Warriors,Oklahoma City Thunder,1,Chesapeake Energy Arena
11/10,3:30 PM,2:30 PM,1,Denver Nuggets,Minnesota Timberwolves,1,Target Center
11/10,6:00 PM,6:00 PM,3IN4-B2B,Charlotte Hornets,Philadelphia 76ers,1,Wells Fargo Center
11/10,6:00 PM,6:00 PM,1,Indiana Pacers,Orlando Magic,1,Amway Center
11/10,7:00 PM,6:00 PM,1,Milwaukee Bucks,Oklahoma City Thunder,3IN4-B2B,Chesapeake Energy Arena
11/10,7:30 PM,7:30 PM,1,Cleveland Cavaliers,New York Knicks,1,Madison Square Garden
11/10,8:00 PM,5:00 PM,1,Brooklyn Nets,Phoenix Suns,2,Talking Stick Resort Arena
11/10,9:00 PM,6:00 PM,1,Atlanta Hawks,Portland Trail Blazers,3IN4,Moda Center
11/10,9:30 PM,6:30 PM,1,Toronto Raptors,Los Angeles Lakers,1,Staples Center
11/11,7:00 PM,7:00 PM,3IN4-B2B,Minnesota Timberwolves,Detroit Pistons,2,Little Caesars Arena
11/11,7:30 PM,7:30 PM,3IN4,Dallas Mavericks,Boston Celtics,1,TD Garden
11/11,8:00 PM,7:00 PM,1,Houston Rockets,New Orleans Pelicans,3IN4,Smoothie King Center
11/11,8:30 PM,7:30 PM,3IN4,Memphis Grizzlies,San Antonio Spurs,1,AT&T Center
11/11,10:30 PM,7:30 PM,2,Utah Jazz,Golden State Warriors,3IN4,Chase Center
11/11,10:30 PM,7:30 PM,3IN4-B2B,Toronto Raptors,Los Angeles Clippers,3+,Staples Center
11/12,7:00 PM,7:00 PM,1,Cleveland Cavaliers,Philadelphia 76ers,1,Wells Fargo Center
11/12,7:00 PM,7:00 PM,3IN4,Oklahoma City Thunder,Indiana Pacers,1,Bankers Life Fieldhouse
11/12,7:30 PM,7:30 PM,B2B,Detroit Pistons,Miami Heat,3+,American Airlines Arena
11/12,8:00 PM,7:00 PM,1,New York Knicks,Chicago Bulls,2,United Center
11/12,9:00 PM,7:00 PM,1,Atlanta Hawks,Denver Nuggets,1,Pepsi Center
11/12,9:00 PM,7:00 PM,1,Brooklyn Nets,Utah Jazz,B2B,Vivint Smart Home Arena
11/12,9:00 PM,6:00 PM,1,Los Angeles Lakers,Phoenix Suns,1,Talking Stick Resort Arena
11/12,10:00 PM,7:00 PM,1,Portland Trail Blazers,Sacramento Kings,3+,Golden 1 Center
11/13,7:00 PM,7:00 PM,1,Memphis Grizzlies,Charlotte Hornets,2,Spectrum Center
11/13,7:00 PM,7:00 PM,3IN4-B2B,Philadelphia 76ers,Orlando Magic,2,Amway Center
11/13,7:30 PM,7:30 PM,3+,Washington Wizards,Boston Celtics,1,TD Garden
11/13,7:30 PM,6:30 PM,1,Los Angeles Clippers,Houston Rockets,1,Toyota Center
11/13,8:00 PM,7:00 PM,1,San Antonio Spurs,Minnesota Timberwolves,3IN4,Target Center
11/13,10:00 PM,7:00 PM,1,Golden State Warriors,Los Angeles Lakers,3IN4-B2B,Staples Center
11/13,10:00 PM,7:00 PM,3IN4,Toronto Raptors,Portland Trail Blazers,3IN4-B2B,Moda Center
11/14,6:00 PM,6:00 PM,1,Miami Heat,Cleveland Cavaliers,1,Rocket Mortgage FieldHouse
11/14,8:00 PM,7:00 PM,1,Chicago Bulls,Milwaukee Bucks,3+,Fiserv Forum
11/14,8:00 PM,8:00 PM,2,Dallas Mavericks,New York Knicks,1,Madison Square Garden
11/14,8:00 PM,7:00 PM,3IN4-B2B,Los Angeles Clippers,New Orleans Pelicans,2,Smoothie King Center
11/14,9:00 PM,6:00 PM,1,Atlanta Hawks,Phoenix Suns,1,Talking Stick Resort Arena
11/14,10:30 PM,8:30 PM,1,Brooklyn Nets,Denver Nuggets,1,Pepsi Center
11/15,7:00 PM,7:00 PM,2,Detroit Pistons,Charlotte Hornets,1,Spectrum Center
11/15,7:00 PM,7:00 PM,1,San Antonio Spurs,Orlando Magic,1,Amway Center
11/15,8:00 PM,7:00 PM,2,Indiana Pacers,Houston Rockets,1,Toyota Center
11/15,8:00 PM,7:00 PM,2,Utah Jazz,Memphis Grizzlies,1,FedExForum
11/15,8:00 PM,7:00 PM,1,Washington Wizards,Minnesota Timberwolves,1,Target Center
11/15,8:00 PM,7:00 PM,3IN4,Philadelphia 76ers,Oklahoma City Thunder,2,Chesapeake Energy Arena
11/15,10:30 PM,7:30 PM,1,Boston Celtics,Golden State Warriors,1,Chase Center
11/15,10:30 PM,7:30 PM,2,Sacramento Kings,Los Angeles Lakers,3IN4,Staples Center
11/16,6:00 PM,5:00 PM,1,Brooklyn Nets,Chicago Bulls,1,United Center
11/16,7:00 PM,7:00 PM,1,Milwaukee Bucks,Indiana Pacers,B2B,Bankers Life Fieldhouse
11/16,7:30 PM,7:30 PM,3IN4-B2B,Charlotte Hornets,New York Knicks,1,Madison Square Garden
11/16,8:00 PM,7:00 PM,3IN4-B2B,Houston Rockets,Minnesota Timberwolves,3IN4-B2B,Target Center
11/16,8:00 PM,8:00 PM,1,New Orleans Pelicans,Miami Heat,1,American Airlines Arena
11/16,8:30 PM,7:30 PM,2,Toronto Raptors,Dallas Mavericks,1,American Airlines Center
11/16,8:30 PM,7:30 PM,2,Portland Trail Blazers,San Antonio Spurs,3IN4-B2B,AT&T Center
11/16,10:30 PM,7:30 PM,1,Atlanta Hawks,Los Angeles Clippers,3IN4,Staples Center
11/17,3:00 PM,3:00 PM,1,Philadelphia 76ers,Cleveland Cavaliers,2,Rocket Mortgage FieldHouse
11/17,3:30 PM,12:30 PM,1,Boston Celtics,Sacramento Kings,1,Golden 1 Center
11/17,6:00 PM,5:00 PM,2,Denver Nuggets,Memphis Grizzlies,1,FedExForum
11/17,6:00 PM,6:00 PM,1,Washington Wizards,Orlando Magic,1,Amway Center
11/17,7:00 PM,6:00 PM,1,Golden State Warriors,New Orleans Pelicans,3IN4-B2B,Smoothie King Center
11/17,9:30 PM,6:30 PM,3IN4-B2B,Atlanta Hawks,Los Angeles Lakers,1,Staples Center
11/18,7:00 PM,7:00 PM,B2B,Cleveland Cavaliers,New York Knicks,1,Madison Square Garden
11/18,7:30 PM,7:30 PM,3IN4,Indiana Pacers,Brooklyn Nets,1,Barclays Center
11/18,7:30 PM,7:30 PM,3IN4,Charlotte Hornets,Toronto Raptors,1,Scotiabank Arena
11/18,8:00 PM,7:00 PM,1,Milwaukee Bucks,Chicago Bulls,1,United Center
11/18,8:00 PM,7:00 PM,1,Portland Trail Blazers,Houston Rockets,3IN4,Toyota Center
11/18,8:30 PM,7:30 PM,3IN4,San Antonio Spurs,Dallas Mavericks,1,American Airlines Center
11/18,9:00 PM,6:00 PM,3IN4-B2B,Boston Celtics,Phoenix Suns,3+,Talking Stick Resort Arena
11/18,9:00 PM,7:00 PM,3IN4,Minnesota Timberwolves,Utah Jazz,2,Vivint Smart Home Arena
11/18,10:30 PM,7:30 PM,2,Oklahoma City Thunder,Los Angeles Clippers,1,Staples Center
11/19,8:00 PM,7:00 PM,1,Golden State Warriors,Memphis Grizzlies,1,FedExForum
11/19,8:00 PM,7:00 PM,3IN4-B2B,Portland Trail Blazers,New Orleans Pelicans,3IN4,Smoothie King Center
11/19,10:00 PM,7:00 PM,B2B,Phoenix Suns,Sacramento Kings,1,Golden 1 Center
11/19,10:30 PM,7:30 PM,B2B,Oklahoma City Thunder,Los Angeles Lakers,1,Staples Center
11/20,7:00 PM,7:00 PM,1,New York Knicks,Philadelphia 76ers,2,Wells Fargo Center
11/20,7:00 PM,7:00 PM,1,San Antonio Spurs,Washington Wizards,2,Capital One Arena
11/20,7:30 PM,7:30 PM,1,Milwaukee Bucks,Atlanta Hawks,2,State Farm Arena
11/20,7:30 PM,7:30 PM,1,Charlotte Hornets,Brooklyn Nets,1,Barclays Center
11/20,7:30 PM,7:30 PM,3IN4,Cleveland Cavaliers,Miami Heat,3+,American Airlines Arena
11/20,7:30 PM,6:30 PM,3IN4-B2B,Golden State Warriors,Dallas Mavericks,1,American Airlines Center
11/20,7:30 PM,7:30 PM,2,Orlando Magic,Toronto Raptors,1,Scotiabank Arena
11/20,8:00 PM,7:00 PM,3+,Detroit Pistons,Chicago Bulls,1,United Center
11/20,8:00 PM,7:00 PM,1,Utah Jazz,Minnesota Timberwolves,1,Target Center
11/20,9:00 PM,7:00 PM,1,Houston Rockets,Denver Nuggets,2,Pepsi Center
11/20,10:00 PM,7:00 PM,3IN4,Boston Celtics,Los Angeles Clippers,1,Staples Center
11/21,8:00 PM,7:00 PM,3IN4,Portland Trail Blazers,Milwaukee Bucks,3IN4-B2B,Fiserv Forum
11/21,10:30 PM,7:30 PM,1,New Orleans Pelicans,Phoenix Suns,3IN4,Talking Stick Resort Arena
11/22,7:00 PM,7:00 PM,1,Atlanta Hawks,Detroit Pistons,1,Little Caesars Arena
11/22,7:00 PM,7:00 PM,1,Charlotte Hornets,Washington Wizards,1,Capital One Arena
11/22,7:30 PM,7:30 PM,2,Sacramento Kings,Brooklyn Nets,1,Barclays Center
11/22,8:00 PM,7:00 PM,1,Miami Heat,Chicago Bulls,1,United Center
11/22,8:00 PM,7:00 PM,2,Los Angeles Lakers,Oklahoma City Thunder,2,Chesapeake Energy Arena
11/22,8:00 PM,8:00 PM,1,San Antonio Spurs,Philadelphia 76ers,1,Wells Fargo Center
11/22,8:30 PM,7:30 PM,1,Cleveland Cavaliers,Dallas Mavericks,1,American Airlines Center
11/22,9:00 PM,7:00 PM,1,Boston Celtics,Denver Nuggets,1,Pepsi Center
11/22,9:00 PM,7:00 PM,3IN4,Golden State Warriors,Utah Jazz,1,Vivint Smart Home Arena
11/22,10:30 PM,7:30 PM,1,Houston Rockets,Los Angeles Clippers,1,Staples Center
11/23,5:00 PM,4:00 PM,1,Phoenix Suns,Minnesota Timberwolves,2,Target Center
11/23,7:00 PM,7:00 PM,3IN4-B2B,Chicago Bulls,Charlotte Hornets,3IN4-B2B,Spectrum Center
11/23,7:00 PM,7:00 PM,2,Orlando Magic,Indiana Pacers,3+,Bankers Life Fieldhouse
11/23,7:30 PM,7:30 PM,2,Toronto Raptors,Atlanta Hawks,3IN4-B2B,State Farm Arena
11/23,7:30 PM,7:30 PM,3IN4-B2B,Miami Heat,Philadelphia 76ers,3IN4-B2B,Wells Fargo Center
11/23,7:30 PM,7:30 PM,3IN4-B2B,San Antonio Spurs,New York Knicks,2,Madison Square Garden
11/23,8:00 PM,8:00 PM,1,Portland Trail Blazers,Cleveland Cavaliers,3IN4-B2B,Rocket Mortgage FieldHouse
11/23,8:00 PM,7:00 PM,B2B,Los Angeles Lakers,Memphis Grizzlies,3+,FedExForum
11/23,8:30 PM,7:30 PM,3IN4-B2B,Detroit Pistons,Milwaukee Bucks,3IN4,Fiserv Forum
11/23,9:00 PM,7:00 PM,1,New Orleans Pelicans,Utah Jazz,3IN4-B2B,Vivint Smart Home Arena
11/24,3:30 PM,2:30 PM,1,Dallas Mavericks,Houston Rockets,1,Toyota Center
11/24,6:00 PM,6:00 PM,1,Brooklyn Nets,New York Knicks,B2B,Madison Square Garden
11/24,6:00 PM,6:00 PM,1,Sacramento Kings,Washington Wizards,1,Capital One Arena
11/24,8:00 PM,6:00 PM,3IN4-B2B,Phoenix Suns,Denver Nuggets,1,Pepsi Center
11/24,9:00 PM,6:00 PM,3IN4-B2B,New Orleans Pelicans,Los Angeles Clippers,1,Staples Center
11/25,7:00 PM,7:00 PM,3IN4-B2B,Brooklyn Nets,Cleveland Cavaliers,3IN4,Rocket Mortgage FieldHouse
11/25,7:00 PM,7:00 PM,1,Orlando Magic,Detroit Pistons,3IN4,Little Caesars Arena
11/25,7:00 PM,7:00 PM,1,Memphis Grizzlies,Indiana Pacers,1,Bankers Life Fieldhouse
11/25,7:30 PM,7:30 PM,1,Minnesota Timberwolves,Atlanta Hawks,3IN4,State Farm Arena
11/25,7:30 PM,7:30 PM,3IN4-B2B,Sacramento Kings,Boston Celtics,2,TD Garden
11/25,7:30 PM,7:30 PM,3IN4,Charlotte Hornets,Miami Heat,3IN4,American Airlines Arena
11/25,7:30 PM,7:30 PM,3IN4,Philadelphia 76ers,Toronto Raptors,1,Scotiabank Arena
11/25,8:00 PM,7:00 PM,1,Portland Trail Blazers,Chicago Bulls,3IN4,United Center
11/25,8:00 PM,7:00 PM,3IN4,Utah Jazz,Milwaukee Bucks,1,Fiserv Forum
11/25,8:30 PM,7:30 PM,3IN4,Los Angeles Lakers,San Antonio Spurs,3IN4,AT&T Center
11/25,10:30 PM,7:30 PM,2,Oklahoma City Thunder,Golden State Warriors,2,Chase Center
11/26,8:30 PM,7:30 PM,1,Los Angeles Clippers,Dallas Mavericks,1,American Airlines Center
11/26,9:00 PM,7:00 PM,1,Washington Wizards,Denver Nuggets,1,Pepsi Center
11/27,7:00 PM,7:00 PM,3IN4,Brooklyn Nets,Boston Celtics,1,TD Garden
11/27,7:00 PM,7:00 PM,1,Detroit Pistons,Charlotte Hornets,1,Spectrum Center
11/27,7:00 PM,7:00 PM,1,Orlando Magic,Cleveland Cavaliers,1,Rocket Mortgage FieldHouse
11/27,7:00 PM,7:00 PM,1,Utah Jazz,Indiana Pacers,1,Bankers Life Fieldhouse
11/27,7:00 PM,7:00 PM,3IN4,Sacramento Kings,Philadelphia 76ers,1,Wells Fargo Center
11/27,7:30 PM,7:30 PM,2,New York Knicks,Toronto Raptors,1,Scotiabank Arena
11/27,8:00 PM,7:00 PM,1,Atlanta Hawks,Milwaukee Bucks,1,Fiserv Forum
11/27,8:00 PM,7:00 PM,1,Miami Heat,Houston Rockets,2,Toyota Center
11/27,8:00 PM,7:00 PM,3IN4-B2B,Los Angeles Clippers,Memphis Grizzlies,1,FedExForum
11/27,8:30 PM,7:30 PM,1,Minnesota Timberwolves,San Antonio Spurs,1,AT&T Center
11/27,9:00 PM,6:00 PM,3IN4-B2B,Washington Wizards,Phoenix Suns,2,Talking Stick Resort Arena
11/27,9:30 PM,8:30 PM,1,Los Angeles Lakers,New Orleans Pelicans,2,Smoothie King Center
11/27,10:00 PM,7:00 PM,1,Oklahoma City Thunder,Portland Trail Blazers,1,Moda Center
11/27,10:30 PM,7:30 PM,1,Chicago Bulls,Golden State Warriors,1,Chase Center
11/29,7:00 PM,7:00 PM,1,Charlotte Hornets,Detroit Pistons,1,Little Caesars Arena
11/29,7:00 PM,7:00 PM,1,Toronto Raptors,Orlando Magic,1,Amway Center
11/29,7:30 PM,7:30 PM,1,Milwaukee Bucks,Cleveland Cavaliers,1,Rocket Mortgage FieldHouse
11/29,7:30 PM,7:30 PM,1,Philadelphia 76ers,New York Knicks,1,Madison Square Garden
11/29,8:00 PM,8:00 PM,1,Atlanta Hawks,Indiana Pacers,1,Bankers Life Fieldhouse
11/29,8:00 PM,8:00 PM,1,Golden State Warriors,Miami Heat,1,American Airlines Arena
11/29,8:00 PM,7:00 PM,1,Utah Jazz,Memphis Grizzlies,1,FedExForum
11/29,8:00 PM,7:00 PM,1,New Orleans Pelicans,Oklahoma City Thunder,1,Chesapeake Energy Arena
11/29,8:30 PM,7:30 PM,3IN4,Los Angeles Clippers,San Antonio Spurs,1,AT&T Center
11/29,9:00 PM,6:00 PM,2,Dallas Mavericks,Phoenix Suns,1,Talking Stick Resort Arena
11/29,10:00 PM,7:00 PM,1,Chicago Bulls,Portland Trail Blazers,1,Moda Center
11/29,10:30 PM,7:30 PM,3IN4,Washington Wizards,Los Angeles Lakers,1,Staples Center
11/29,12:00 PM,12:00 PM,1,Boston Celtics,Brooklyn Nets,1,Barclays Center
11/30,5:00 PM,2:00 PM,3+,Denver Nuggets,Sacramento Kings,2,Golden 1 Center
11/30,7:00 PM,7:00 PM,3IN4-B2B,Indiana Pacers,Philadelphia 76ers,3IN4-B2B,Wells Fargo Center
11/30,8:00 PM,7:00 PM,3IN4-B2B,Atlanta Hawks,Houston Rockets,2,Toyota Center
11/30,8:00 PM,7:00 PM,3IN4-B2B,Charlotte Hornets,Milwaukee Bucks,3IN4-B2B,Fiserv Forum
12/1,3:00 PM,3:00 PM,1,Miami Heat,Brooklyn Nets,1,Barclays Center
12/1,3:30 PM,3:30 PM,1,Boston Celtics,New York Knicks,1,Madison Square Garden
12/1,3:30 PM,2:30 PM,1,Memphis Grizzlies,Minnesota Timberwolves,3+,Target Center
12/1,4:00 PM,1:00 PM,1,Dallas Mavericks,Los Angeles Lakers,1,Staples Center
12/1,5:00 PM,5:00 PM,1,San Antonio Spurs,Detroit Pistons,1,Little Caesars Arena
12/1,5:00 PM,4:00 PM,1,Oklahoma City Thunder,New Orleans Pelicans,1,Smoothie King Center
12/1,6:00 PM,6:00 PM,1,Golden State Warriors,Orlando Magic,1,Amway Center
12/1,6:00 PM,6:00 PM,1,Utah Jazz,Toronto Raptors,1,Scotiabank Arena
12/1,10:30 PM,7:30 PM,1,Washington Wizards,Los Angeles Clippers,1,Staples Center
12/2,7:00 PM,7:00 PM,2,Phoenix Suns,Charlotte Hornets,3IN4,Spectrum Center
12/2,7:00 PM,7:00 PM,3IN4-B2B,Utah Jazz,Philadelphia 76ers,3IN4,Wells Fargo Center
12/2,7:30 PM,7:30 PM,3IN4-B2B,Golden State Warriors,Atlanta Hawks,3IN4,State Farm Arena
12/2,8:00 PM,7:00 PM,3IN4,Indiana Pacers,Memphis Grizzlies,3IN4-B2B,FedExForum
12/2,8:00 PM,7:00 PM,3IN4-B2B,New York Knicks,Milwaukee Bucks,3IN4,Fiserv Forum
12/2,10:00 PM,7:00 PM,2,Chicago Bulls,Sacramento Kings,1,Golden 1 Center
12/3,7:00 PM,7:00 PM,1,Detroit Pistons,Cleveland Cavaliers,3+,Rocket Mortgage FieldHouse
12/3,7:00 PM,7:00 PM,1,Orlando Magic,Washington Wizards,1,Capital One Arena
12/3,7:30 PM,6:30 PM,1,Dallas Mavericks,New Orleans Pelicans,1,Smoothie King Center
12/3,7:30 PM,7:30 PM,1,Miami Heat,Toronto Raptors,1,Scotiabank Arena
12/3,8:30 PM,7:30 PM,2,Houston Rockets,San Antonio Spurs,1,AT&T Center
12/3,9:00 PM,7:00 PM,1,Los Angeles Lakers,Denver Nuggets,2,Pepsi Center
12/3,10:00 PM,7:00 PM,3+,Portland Trail Blazers,Los Angeles Clippers,1,Staples Center
12/4,7:00 PM,7:00 PM,3IN4,Golden State Warriors,Charlotte Hornets,1,Spectrum Center
12/4,7:00 PM,7:00 PM,1,Milwaukee Bucks,Detroit Pistons,3IN4-B2B,Little Caesars Arena
12/4,7:00 PM,7:00 PM,1,Phoenix Suns,Orlando Magic,3IN4-B2B,Amway Center
12/4,7:30 PM,7:30 PM,2,Brooklyn Nets,Atlanta Hawks,1,State Farm Arena
12/4,7:30 PM,7:30 PM,3IN4-B2B,Miami Heat,Boston Celtics,2,TD Garden
12/4,8:00 PM,7:00 PM,3IN4,Memphis Grizzlies,Chicago Bulls,1,United Center
12/4,8:00 PM,7:00 PM,1,Indiana Pacers,Oklahoma City Thunder,2,Chesapeake Energy Arena
12/4,8:30 PM,7:30 PM,2,Minnesota Timberwolves,Dallas Mavericks,3IN4-B2B,American Airlines Center
12/4,9:00 PM,7:00 PM,3IN4-B2B,Los Angeles Lakers,Utah Jazz,3IN4,Vivint Smart Home Arena
12/4,10:00 PM,7:00 PM,1,Sacramento Kings,Portland Trail Blazers,B2B,Moda Center
12/5,7:00 PM,7:00 PM,2,Philadelphia 76ers,Washington Wizards,1,Capital One Arena
12/5,7:30 PM,7:30 PM,1,Denver Nuggets,New York Knicks,2,Madison Square Garden
12/5,7:30 PM,7:30 PM,1,Houston Rockets,Toronto Raptors,1,Scotiabank Arena
12/5,8:00 PM,7:00 PM,3IN4-B2B,Phoenix Suns,New Orleans Pelicans,1,Smoothie King Center
12/6,7:00 PM,7:00 PM,1,Brooklyn Nets,Charlotte Hornets,1,Spectrum Center
12/6,7:00 PM,7:00 PM,3IN4,Orlando Magic,Cleveland Cavaliers,2,Rocket Mortgage FieldHouse
12/6,7:00 PM,7:00 PM,1,Indiana Pacers,Detroit Pistons,3IN4,Little Caesars Arena
12/6,8:00 PM,8:00 PM,3IN4-B2B,Denver Nuggets,Boston Celtics,1,TD Garden
12/6,8:00 PM,7:00 PM,1,Golden State Warriors,Chicago Bulls,1,United Center
12/6,8:00 PM,8:00 PM,3IN4-B2B,Washington Wizards,Miami Heat,3IN4,American Airlines Arena
12/6,8:00 PM,7:00 PM,1,Minnesota Timberwolves,Oklahoma City Thunder,1,Chesapeake Energy Arena
12/6,8:30 PM,7:30 PM,2,Los Angeles Clippers,Milwaukee Bucks,1,Fiserv Forum
12/6,8:30 PM,7:30 PM,1,Sacramento Kings,San Antonio Spurs,2,AT&T Center
12/6,10:30 PM,7:30 PM,3IN4,Los Angeles Lakers,Portland Trail Blazers,3IN4,Moda Center
12/7,2:00 PM,1:00 PM,1,New Orleans Pelicans,Dallas Mavericks,2,American Airlines Center
12/7,7:30 PM,7:30 PM,B2B,Cleveland Cavaliers,Philadelphia 76ers,1,Wells Fargo Center
12/7,7:30 PM,7:30 PM,3IN4-B2B,Indiana Pacers,New York Knicks,1,Madison Square Garden
12/7,8:00 PM,7:00 PM,3IN4,Phoenix Suns,Houston Rockets,1,Toyota Center
12/7,10:00 PM,8:00 PM,2,Memphis Grizzlies,Utah Jazz,2,Vivint Smart Home Arena
12/8,3:00 PM,3:00 PM,3IN4,Denver Nuggets,Brooklyn Nets,1,Barclays Center
12/8,5:00 PM,5:00 PM,3+,Atlanta Hawks,Charlotte Hornets,1,Spectrum Center
12/8,6:00 PM,6:00 PM,1,Chicago Bulls,Miami Heat,1,American Airlines Arena
12/8,6:00 PM,6:00 PM,1,Los Angeles Clippers,Washington Wizards,3IN4,Capital One Arena
12/8,6:00 PM,6:00 PM,2,Toronto Raptors,Philadelphia 76ers,3IN4-B2B,Wells Fargo Center
12/8,7:00 PM,6:00 PM,1,Sacramento Kings,Dallas Mavericks,B2B,American Airlines Center
12/8,9:00 PM,6:00 PM,1,Oklahoma City Thunder,Portland Trail Blazers,1,Moda Center
12/8,9:30 PM,6:30 PM,1,Minnesota Timberwolves,Los Angeles Lakers,1,Staples Center
12/9,7:00 PM,7:00 PM,3IN4-B2B,Los Angeles Clippers,Indiana Pacers,3IN4,Bankers Life Fieldhouse
12/9,7:30 PM,7:30 PM,3IN4,Cleveland Cavaliers,Boston Celtics,2,TD Garden
12/9,8:00 PM,7:00 PM,B2B,Toronto Raptors,Chicago Bulls,3IN4-B2B,United Center
12/9,8:00 PM,7:00 PM,2,Detroit Pistons,New Orleans Pelicans,1,Smoothie King Center
12/9,8:00 PM,7:00 PM,3IN4-B2B,Sacramento Kings,Houston Rockets,1,Toyota Center
12/9,8:00 PM,7:00 PM,2,Orlando Magic,Milwaukee Bucks,2,Fiserv Forum
12/9,9:00 PM,6:00 PM,3IN4-B2B,Minnesota Timberwolves,Phoenix Suns,1,Talking Stick Resort Arena
12/9,9:00 PM,7:00 PM,3IN4-B2B,Oklahoma City Thunder,Utah Jazz,1,Vivint Smart Home Arena
12/9,10:30 PM,7:30 PM,1,Memphis Grizzlies,Golden State Warriors,2,Chase Center
12/10,7:00 PM,7:00 PM,1,Washington Wizards,Charlotte Hornets,1,Spectrum Center
12/10,7:00 PM,7:00 PM,1,Denver Nuggets,Philadelphia 76ers,3IN4,Wells Fargo Center
12/10,8:00 PM,8:00 PM,1,Atlanta Hawks,Miami Heat,1,American Airlines Arena
12/10,10:00 PM,7:00 PM,2,New York Knicks,Portland Trail Blazers,1,Moda Center
12/11,7:00 PM,7:00 PM,1,Boston Celtics,Indiana Pacers,1,Bankers Life Fieldhouse
12/11,7:00 PM,7:00 PM,1,Houston Rockets,Cleveland Cavaliers,1,Rocket Mortgage FieldHouse
12/11,7:00 PM,7:00 PM,3IN4,Los Angeles Clippers,Toronto Raptors,3IN4,Scotiabank Arena
12/11,7:00 PM,7:00 PM,2,Los Angeles Lakers,Orlando Magic,1,Amway Center
12/11,7:30 PM,7:30 PM,3IN4-B2B,Charlotte Hornets,Brooklyn Nets,2,Barclays Center
12/11,8:00 PM,7:00 PM,3IN4-B2B,Atlanta Hawks,Chicago Bulls,3IN4,United Center
12/11,8:00 PM,7:00 PM,1,Utah Jazz,Minnesota Timberwolves,3IN4,Target Center
12/11,9:00 PM,6:00 PM,1,Memphis Grizzlies,Phoenix Suns,1,Talking Stick Resort Arena
12/11,9:30 PM,8:30 PM,1,New Orleans Pelicans,Milwaukee Bucks,1,Fiserv Forum
12/11,10:00 PM,7:00 PM,3IN4,Oklahoma City Thunder,Sacramento Kings,3IN4,Golden 1 Center
12/11,10:30 PM,7:30 PM,B2B,New York Knicks,Golden State Warriors,1,Chase Center
12/12,8:00 PM,8:00 PM,1,Philadelphia 76ers,Boston Celtics,3IN4-B2B,TD Garden
12/12,8:30 PM,7:30 PM,3IN4-B2B,Cleveland Cavaliers,San Antonio Spurs,3+,AT&T Center
12/12,9:00 PM,9:00 PM,3+,Dallas Mavericks,Detroit Pistons,2,Mexico City Arena in Mexico City
12/12,10:30 PM,8:30 PM,1,Portland Trail Blazers,Denver Nuggets,1,Pepsi Center
12/13,7:00 PM,7:00 PM,1,Houston Rockets,Orlando Magic,1,Amway Center
12/13,7:00 PM,7:00 PM,1,New Orleans Pelicans,Philadelphia 76ers,3IN4-B2B,Wells Fargo Center
12/13,7:30 PM,7:30 PM,1,Indiana Pacers,Atlanta Hawks,3IN4,State Farm Arena
12/13,8:00 PM,7:00 PM,3IN4,Charlotte Hornets,Chicago Bulls,1,United Center
12/13,8:00 PM,7:00 PM,1,Los Angeles Clippers,Minnesota Timberwolves,1,Target Center
12/13,8:00 PM,8:00 PM,1,Los Angeles Lakers,Miami Heat,2,American Airlines Arena
12/13,8:00 PM,7:00 PM,1,Milwaukee Bucks,Memphis Grizzlies,1,FedExForum
12/13,10:00 PM,7:00 PM,3IN4,New York Knicks,Sacramento Kings,1,Golden 1 Center
12/13,10:30 PM,8:30 PM,1,Golden State Warriors,Utah Jazz,1,Vivint Smart Home Arena
12/14,5:00 PM,2:00 PM,1,San Antonio Spurs,Phoenix Suns,2,Mexico City Arena in Mexico City
12/14,7:30 PM,7:30 PM,2,Brooklyn Nets,Toronto Raptors,2,Scotiabank Arena
12/14,8:00 PM,7:00 PM,3IN4-B2B,Los Angeles Clippers,Chicago Bulls,3IN4-B2B,United Center
12/14,8:00 PM,7:00 PM,3+,Washington Wizards,Memphis Grizzlies,3IN4-B2B,FedExForum
12/14,8:30 PM,7:30 PM,3IN4,Cleveland Cavaliers,Milwaukee Bucks,3IN4-B2B,Fiserv Forum
12/14,8:30 PM,7:30 PM,B2B,Miami Heat,Dallas Mavericks,1,American Airlines Center
12/14,9:00 PM,7:00 PM,2,Oklahoma City Thunder,Denver Nuggets,1,Pepsi Center
12/14,9:00 PM,8:00 PM,1,Detroit Pistons,Houston Rockets,3IN4-B2B,Toyota Center
12/15,3:30 PM,2:30 PM,1,Orlando Magic,New Orleans Pelicans,1,Smoothie King Center
12/15,5:00 PM,5:00 PM,1,Charlotte Hornets,Indiana Pacers,1,Bankers Life Fieldhouse
12/15,6:00 PM,6:00 PM,1,Los Angeles Lakers,Atlanta Hawks,1,State Farm Arena
12/15,6:00 PM,6:00 PM,3IN4,Philadelphia 76ers,Brooklyn Nets,B2B,Barclays Center
12/15,8:00 PM,6:00 PM,1,New York Knicks,Denver Nuggets,3IN4-B2B,Pepsi Center
12/15,8:30 PM,5:30 PM,1,Sacramento Kings,Golden State Warriors,1,Chase Center
12/16,7:00 PM,7:00 PM,1,Washington Wizards,Detroit Pistons,1,Little Caesars Arena
12/16,7:30 PM,7:30 PM,1,Cleveland Cavaliers,Toronto Raptors,1,Scotiabank Arena
12/16,8:00 PM,7:00 PM,3IN4,Chicago Bulls,Oklahoma City Thunder,1,Chesapeake Energy Arena
12/16,8:00 PM,7:00 PM,1,Dallas Mavericks,Milwaukee Bucks,3IN4,Fiserv Forum
12/16,8:00 PM,7:00 PM,1,San Antonio Spurs,Houston Rockets,3IN4,Toyota Center
12/16,8:00 PM,7:00 PM,3IN4,Miami Heat,Memphis Grizzlies,3IN4,FedExForum
12/16,9:00 PM,6:00 PM,3+,Portland Trail Blazers,Phoenix Suns,1,Talking Stick Resort Arena
12/17,7:00 PM,7:00 PM,1,Sacramento Kings,Charlotte Hornets,1,Spectrum Center
12/17,7:00 PM,7:00 PM,1,Los Angeles Lakers,Indiana Pacers,1,Bankers Life Fieldhouse
12/17,7:30 PM,7:30 PM,1,Atlanta Hawks,New York Knicks,1,Madison Square Garden
12/17,8:00 PM,7:00 PM,3IN4,Brooklyn Nets,New Orleans Pelicans,1,Smoothie King Center
12/17,9:00 PM,7:00 PM,1,Orlando Magic,Utah Jazz,3+,Vivint Smart Home Arena
12/17,10:30 PM,7:30 PM,3IN4-B2B,Phoenix Suns,Los Angeles Clippers,2,Staples Center
12/18,7:00 PM,7:00 PM,3IN4-B2B,Charlotte Hornets,Cleveland Cavaliers,1,Rocket Mortgage FieldHouse
12/18,7:00 PM,7:00 PM,1,Chicago Bulls,Washington Wizards,1,Capital One Arena
12/18,7:00 PM,7:00 PM,1,Toronto Raptors,Detroit Pistons,1,Little Caesars Arena
12/18,7:30 PM,7:30 PM,1,Miami Heat,Philadelphia 76ers,2,Wells Fargo Center
12/18,8:00 PM,7:00 PM,1,Memphis Grizzlies,Oklahoma City Thunder,1,Chesapeake Energy Arena
12/18,8:00 PM,7:00 PM,3IN4-B2B,New Orleans Pelicans,Minnesota Timberwolves,3+,Target Center
12/18,8:30 PM,7:30 PM,3+,Boston Celtics,Dallas Mavericks,1,American Airlines Center
12/18,9:00 PM,7:00 PM,3IN4-B2B,Orlando Magic,Denver Nuggets,2,Pepsi Center
12/18,10:00 PM,7:00 PM,2,Golden State Warriors,Portland Trail Blazers,1,Moda Center
12/19,7:30 PM,7:30 PM,1,Utah Jazz,Atlanta Hawks,1,State Farm Arena
12/19,8:00 PM,7:00 PM,1,Los Angeles Lakers,Milwaukee Bucks,2,Fiserv Forum
12/19,8:30 PM,7:30 PM,1,Brooklyn Nets,San Antonio Spurs,2,AT&T Center
12/19,10:30 PM,7:30 PM,2,Houston Rockets,Los Angeles Clippers,1,Staples Center
12/20,7:00 PM,7:00 PM,1,Memphis Grizzlies,Cleveland Cavaliers,1,Rocket Mortgage FieldHouse
12/20,7:00 PM,7:00 PM,2,Sacramento Kings,Indiana Pacers,2,Bankers Life Fieldhouse
12/20,7:30 PM,7:30 PM,1,Detroit Pistons,Boston Celtics,1,TD Garden
12/20,7:30 PM,7:30 PM,1,Washington Wizards,Toronto Raptors,1,Scotiabank Arena
12/20,8:00 PM,8:00 PM,1,Dallas Mavericks,Philadelphia 76ers,1,Wells Fargo Center
12/20,8:00 PM,8:00 PM,2,New York Knicks,Miami Heat,1,American Airlines Arena
12/20,8:00 PM,7:00 PM,2,Phoenix Suns,Oklahoma City Thunder,1,Chesapeake Energy Arena
12/20,9:00 PM,7:00 PM,1,Minnesota Timberwolves,Denver Nuggets,1,Pepsi Center
12/20,10:00 PM,7:00 PM,3IN4,Orlando Magic,Portland Trail Blazers,1,Moda Center
12/20,10:30 PM,7:30 PM,3IN4,New Orleans Pelicans,Golden State Warriors,1,Chase Center
12/21,5:00 PM,5:00 PM,1,Utah Jazz,Charlotte Hornets,2,Spectrum Center
12/21,6:00 PM,6:00 PM,1,Atlanta Hawks,Brooklyn Nets,1,Barclays Center
12/21,7:00 PM,7:00 PM,2,Chicago Bulls,Detroit Pistons,3IN4-B2B,Little Caesars Arena
12/21,7:00 PM,7:00 PM,3IN4-B2B,Washington Wizards,Philadelphia 76ers,3IN4-B2B,Wells Fargo Center
12/21,7:30 PM,7:30 PM,1,Milwaukee Bucks,New York Knicks,B2B,Madison Square Garden
12/21,8:00 PM,7:00 PM,B2B,Sacramento Kings,Memphis Grizzlies,3IN4-B2B,FedExForum
12/21,8:30 PM,7:30 PM,1,Los Angeles Clippers,San Antonio Spurs,1,AT&T Center
12/21,9:00 PM,6:00 PM,1,Houston Rockets,Phoenix Suns,B2B,Talking Stick Resort Arena
12/21,10:00 PM,7:00 PM,3IN4-B2B,Minnesota Timberwolves,Portland Trail Blazers,3IN4-B2B,Moda Center
12/22,3:30 PM,3:30 PM,1,Dallas Mavericks,Toronto Raptors,1,Scotiabank Arena
12/22,6:00 PM,6:00 PM,B2B,Charlotte Hornets,Boston Celtics,1,TD Garden
12/22,7:00 PM,6:00 PM,1,Indiana Pacers,Milwaukee Bucks,3IN4-B2B,Fiserv Forum
12/22,7:00 PM,6:00 PM,3IN4-B2B,Los Angeles Clippers,Oklahoma City Thunder,1,Chesapeake Energy Arena
12/22,9:30 PM,6:30 PM,1,Denver Nuggets,Los Angeles Lakers,2,Staples Center
12/23,7:00 PM,7:00 PM,1,Atlanta Hawks,Cleveland Cavaliers,2,Rocket Mortgage FieldHouse
12/23,7:00 PM,7:00 PM,1,Chicago Bulls,Orlando Magic,2,Amway Center
12/23,7:00 PM,7:00 PM,3IN4,Philadelphia 76ers,Detroit Pistons,3IN4,Little Caesars Arena
12/23,7:00 PM,7:00 PM,3IN4-B2B,Toronto Raptors,Indiana Pacers,3IN4-B2B,Bankers Life Fieldhouse
12/23,7:00 PM,7:00 PM,3IN4,Washington Wizards,New York Knicks,3IN4,Madison Square Garden
12/23,7:30 PM,7:30 PM,1,Utah Jazz,Miami Heat,2,American Airlines Arena
12/23,8:00 PM,7:00 PM,1,San Antonio Spurs,Memphis Grizzlies,3IN4,FedExForum
12/23,9:00 PM,6:00 PM,3IN4-B2B,Denver Nuggets,Phoenix Suns,3IN4,Talking Stick Resort Arena
12/23,10:00 PM,7:00 PM,1,Houston Rockets,Sacramento Kings,3IN4,Golden 1 Center
12/23,10:00 PM,7:00 PM,2,New Orleans Pelicans,Portland Trail Blazers,3IN4,Moda Center
12/23,10:30 PM,7:30 PM,3IN4,Minnesota Timberwolves,Golden State Warriors,2,Chase Center
12/25,2:30 PM,2:30 PM,2,Milwaukee Bucks,Philadelphia 76ers,1,Wells Fargo Center
12/25,5:00 PM,2:00 PM,1,Houston Rockets,Golden State Warriors,1,Chase Center
12/25,8:00 PM,5:00 PM,2,Los Angeles Clippers,Los Angeles Lakers,2,Staples Center
12/25,10:30 PM,8:30 PM,1,New Orleans Pelicans,Denver Nuggets,3IN4,Pepsi Center
12/25,12:00 PM,12:00 PM,2,Boston Celtics,Toronto Raptors,3IN4,Scotiabank Arena
12/26,7:00 PM,7:00 PM,2,Washington Wizards,Detroit Pistons,2,Little Caesars Arena
12/26,8:00 PM,8:00 PM,2,New York Knicks,Brooklyn Nets,3+,Barclays Center
12/26,8:00 PM,7:00 PM,2,Memphis Grizzlies,Oklahoma City Thunder,3+,Chesapeake Energy Arena
12/26,8:30 PM,7:30 PM,2,San Antonio Spurs,Dallas Mavericks,3+,American Airlines Center
12/26,10:00 PM,7:00 PM,2,Minnesota Timberwolves,Sacramento Kings,2,Golden 1 Center
12/26,10:30 PM,8:30 PM,2,Portland Trail Blazers,Utah Jazz,2,Vivint Smart Home Arena
12/27,4:00 PM,4:00 PM,3+,Cleveland Cavaliers,Boston Celtics,1,TD Garden
12/27,7:00 PM,7:00 PM,B2B,Oklahoma City Thunder,Charlotte Hornets,3+,Spectrum Center
12/27,7:00 PM,7:00 PM,1,Philadelphia 76ers,Orlando Magic,3+,Amway Center
12/27,7:30 PM,7:30 PM,1,Milwaukee Bucks,Atlanta Hawks,3+,State Farm Arena
12/27,8:00 PM,8:00 PM,3+,Indiana Pacers,Miami Heat,3+,American Airlines Arena
12/27,10:30 PM,7:30 PM,3+,Phoenix Suns,Golden State Warriors,1,Chase Center
12/28,5:00 PM,3:00 PM,1,Memphis Grizzlies,Denver Nuggets,2,Pepsi Center
12/28,7:00 PM,7:00 PM,2,Toronto Raptors,Boston Celtics,3IN4-B2B,TD Garden
12/28,7:00 PM,6:00 PM,B2B,Indiana Pacers,New Orleans Pelicans,2,Smoothie King Center
12/28,8:00 PM,7:00 PM,B2B,Atlanta Hawks,Chicago Bulls,3+,United Center
12/28,8:00 PM,7:00 PM,1,Brooklyn Nets,Houston Rockets,2,Toyota Center
12/28,8:00 PM,7:00 PM,B2B,Cleveland Cavaliers,Minnesota Timberwolves,1,Target Center
12/28,8:00 PM,8:00 PM,3IN4-B2B,Philadelphia 76ers,Miami Heat,B2B,American Airlines Arena
12/28,8:00 PM,8:00 PM,1,New York Knicks,Washington Wizards,1,Capital One Arena
12/28,8:30 PM,5:30 PM,1,Dallas Mavericks,Golden State Warriors,3IN4-B2B,Chase Center
12/28,8:30 PM,7:30 PM,1,Detroit Pistons,San Antonio Spurs,1,AT&T Center
12/28,8:30 PM,7:30 PM,B2B,Orlando Magic,Milwaukee Bucks,3IN4-B2B,Fiserv Forum
12/28,9:00 PM,6:00 PM,B2B,Phoenix Suns,Sacramento Kings,1,Golden 1 Center
12/28,10:00 PM,7:00 PM,2,Los Angeles Lakers,Portland Trail Blazers,1,Moda Center
12/28,10:30 PM,7:30 PM,1,Utah Jazz,Los Angeles Clippers,2,Staples Center
12/29,6:00 PM,6:00 PM,3IN4,Oklahoma City Thunder,Toronto Raptors,B2B,Scotiabank Arena
12/29,8:00 PM,7:00 PM,1,Charlotte Hornets,Memphis Grizzlies,3IN4-B2B,FedExForum
12/29,8:00 PM,6:00 PM,3IN4-B2B,Sacramento Kings,Denver Nuggets,B2B,Pepsi Center
12/29,8:00 PM,7:00 PM,B2B,Houston Rockets,New Orleans Pelicans,B2B,Smoothie King Center
12/29,9:30 PM,6:30 PM,3IN4-B2B,Dallas Mavericks,Los Angeles Lakers,B2B,Staples Center
12/30,7:00 PM,7:00 PM,3IN4,Atlanta Hawks,Orlando Magic,3IN4,Amway Center
12/30,7:00 PM,7:00 PM,3IN4,Miami Heat,Washington Wizards,1,Capital One Arena
12/30,8:00 PM,7:00 PM,1,Brooklyn Nets,Minnesota Timberwolves,1,Target Center
12/30,8:00 PM,7:00 PM,3IN4,Milwaukee Bucks,Chicago Bulls,1,United Center
12/30,9:00 PM,7:00 PM,1,Detroit Pistons,Utah Jazz,1,Vivint Smart Home Arena
12/30,10:00 PM,7:00 PM,3IN4,Phoenix Suns,Portland Trail Blazers,1,Moda Center
12/31,3:00 PM,3:00 PM,2,Boston Celtics,Charlotte Hornets,1,Spectrum Center
12/31,3:00 PM,3:00 PM,2,Philadelphia 76ers,Indiana Pacers,2,Bankers Life Fieldhouse
12/31,5:00 PM,2:00 PM,2,Los Angeles Clippers,Sacramento Kings,3IN4,Golden 1 Center
12/31,7:00 PM,7:00 PM,2,Cleveland Cavaliers,Toronto Raptors,3IN4,Scotiabank Arena
12/31,7:00 PM,6:00 PM,3IN4,Denver Nuggets,Houston Rockets,3IN4,Toyota Center
12/31,7:00 PM,6:00 PM,2,Golden State Warriors,San Antonio Spurs,2,AT&T Center
12/31,8:00 PM,7:00 PM,3IN4,Dallas Mavericks,Oklahoma City Thunder,1,Chesapeake Energy Arena
1/1,6:00 PM,6:00 PM,1,Orlando Magic,Washington Wizards,1,Capital One Arena
1/1,7:30 PM,7:30 PM,1,Portland Trail Blazers,New York Knicks,3+,Madison Square Garden
1/1,8:00 PM,7:00 PM,1,Minnesota Timberwolves,Milwaukee Bucks,1,Fiserv Forum
1/1,10:30 PM,7:30 PM,1,Phoenix Suns,Los Angeles Lakers,2,Staples Center
1/2,7:00 PM,7:00 PM,1,Charlotte Hornets,Cleveland Cavaliers,1,Rocket Mortgage FieldHouse
1/2,7:00 PM,7:00 PM,1,Denver Nuggets,Indiana Pacers,1,Bankers Life Fieldhouse
1/2,7:30 PM,7:30 PM,1,Toronto Raptors,Miami Heat,2,American Airlines Arena
1/2,8:00 PM,7:00 PM,2,Utah Jazz,Chicago Bulls,2,United Center
1/2,8:00 PM,7:00 PM,1,Golden State Warriors,Minnesota Timberwolves,3IN4-B2B,Target Center
1/2,8:30 PM,7:30 PM,2,Brooklyn Nets,Dallas Mavericks,1,American Airlines Center
1/2,8:30 PM,7:30 PM,1,Oklahoma City Thunder,San Antonio Spurs,1,AT&T Center
1/2,10:00 PM,7:00 PM,3+,Memphis Grizzlies,Sacramento Kings,1,Golden 1 Center
1/2,10:30 PM,7:30 PM,2,Detroit Pistons,Los Angeles Clippers,1,Staples Center
1/3,7:00 PM,7:00 PM,3+,Atlanta Hawks,Boston Celtics,2,TD Garden
1/3,7:00 PM,7:00 PM,B2B,Miami Heat,Orlando Magic,1,Amway Center
1/3,7:00 PM,7:00 PM,1,Portland Trail Blazers,Washington Wizards,1,Capital One Arena
1/3,8:00 PM,7:00 PM,2,Philadelphia 76ers,Houston Rockets,2,Toyota Center
1/3,9:00 PM,6:00 PM,1,New York Knicks,Phoenix Suns,1,Talking Stick Resort Arena
1/3,10:30 PM,7:30 PM,3+,New Orleans Pelicans,Los Angeles Lakers,1,Staples Center
1/4,3:30 PM,12:30 PM,1,Memphis Grizzlies,Los Angeles Clippers,1,Staples Center
1/4,6:00 PM,6:00 PM,1,Toronto Raptors,Brooklyn Nets,1,Barclays Center
1/4,7:00 PM,7:00 PM,1,Utah Jazz,Orlando Magic,3IN4-B2B,Amway Center
1/4,7:30 PM,7:30 PM,1,Indiana Pacers,Atlanta Hawks,B2B,State Farm Arena
1/4,7:30 PM,7:30 PM,1,Oklahoma City Thunder,Cleveland Cavaliers,1,Rocket Mortgage FieldHouse
1/4,8:00 PM,7:00 PM,B2B,Boston Celtics,Chicago Bulls,1,United Center
1/4,8:00 PM,8:00 PM,1,Denver Nuggets,Washington Wizards,3IN4-B2B,Capital One Arena
1/4,8:30 PM,7:30 PM,1,Charlotte Hornets,Dallas Mavericks,1,American Airlines Center
1/4,8:30 PM,5:30 PM,1,Detroit Pistons,Golden State Warriors,1,Chase Center
1/4,8:30 PM,7:30 PM,1,San Antonio Spurs,Milwaukee Bucks,2,Fiserv Forum
1/4,10:00 PM,7:00 PM,B2B,New Orleans Pelicans,Sacramento Kings,1,Golden 1 Center
1/5,3:30 PM,12:30 PM,1,New York Knicks,Los Angeles Clippers,3IN4-B2B,Staples Center
1/5,6:00 PM,6:00 PM,1,Portland Trail Blazers,Miami Heat,3IN4,American Airlines Arena
1/5,7:30 PM,7:30 PM,2,Minnesota Timberwolves,Cleveland Cavaliers,3IN4-B2B,Rocket Mortgage FieldHouse
1/5,8:00 PM,5:00 PM,3IN4-B2B,Memphis Grizzlies,Phoenix Suns,1,Talking Stick Resort Arena
1/5,10:00 PM,7:00 PM,3IN4-B2B,Detroit Pistons,Los Angeles Lakers,1,Staples Center
1/6,7:00 PM,7:00 PM,3IN4,Boston Celtics,Washington Wizards,3IN4,Capital One Arena
1/6,7:00 PM,7:00 PM,1,Brooklyn Nets,Orlando Magic,3IN4,Amway Center
1/6,7:00 PM,7:00 PM,1,Indiana Pacers,Charlotte Hornets,1,Spectrum Center
1/6,7:00 PM,7:00 PM,1,Oklahoma City Thunder,Philadelphia 76ers,2,Wells Fargo Center
1/6,7:30 PM,7:30 PM,1,Denver Nuggets,Atlanta Hawks,3IN4,State Farm Arena
1/6,8:00 PM,7:00 PM,1,Utah Jazz,New Orleans Pelicans,3IN4,Smoothie King Center
1/6,8:30 PM,7:30 PM,1,Chicago Bulls,Dallas Mavericks,1,American Airlines Center
1/6,8:30 PM,7:30 PM,1,Milwaukee Bucks,San Antonio Spurs,1,AT&T Center
1/6,10:00 PM,7:00 PM,1,Golden State Warriors,Sacramento Kings,1,Golden 1 Center
1/7,7:00 PM,7:00 PM,3IN4,Detroit Pistons,Cleveland Cavaliers,3IN4,Rocket Mortgage FieldHouse
1/7,7:00 PM,7:00 PM,1,Portland Trail Blazers,Toronto Raptors,2,Scotiabank Arena
1/7,7:30 PM,7:30 PM,3IN4-B2B,Oklahoma City Thunder,Brooklyn Nets,3IN4-B2B,Barclays Center
1/7,8:00 PM,7:00 PM,1,Minnesota Timberwolves,Memphis Grizzlies,3IN4,FedExForum
1/7,9:00 PM,6:00 PM,3IN4-B2B,Sacramento Kings,Phoenix Suns,1,Talking Stick Resort Arena
1/7,10:30 PM,7:30 PM,1,New York Knicks,Los Angeles Lakers,1,Staples Center
1/8,7:00 PM,7:00 PM,1,San Antonio Spurs,Boston Celtics,1,TD Garden
1/8,7:00 PM,7:00 PM,B2B,Toronto Raptors,Charlotte Hornets,1,Spectrum Center
1/8,7:00 PM,7:00 PM,2,Miami Heat,Indiana Pacers,1,Bankers Life Fieldhouse
1/8,7:00 PM,7:00 PM,1,Washington Wizards,Orlando Magic,1,Amway Center
1/8,7:30 PM,7:30 PM,3+,Houston Rockets,Atlanta Hawks,1,State Farm Arena
1/8,7:30 PM,6:30 PM,1,Denver Nuggets,Dallas Mavericks,1,American Airlines Center
1/8,8:00 PM,7:00 PM,1,Chicago Bulls,New Orleans Pelicans,1,Smoothie King Center
1/8,9:00 PM,7:00 PM,3IN4-B2B,New York Knicks,Utah Jazz,1,Vivint Smart Home Arena
1/8,10:00 PM,7:00 PM,1,Milwaukee Bucks,Golden State Warriors,1,Chase Center
1/9,7:00 PM,7:00 PM,3IN4-B2B,Boston Celtics,Philadelphia 76ers,2,Wells Fargo Center
1/9,7:00 PM,7:00 PM,1,Cleveland Cavaliers,Detroit Pistons,1,Little Caesars Arena
1/9,8:00 PM,7:00 PM,1,Portland Trail Blazers,Minnesota Timberwolves,1,Target Center
1/9,9:30 PM,8:30 PM,B2B,Houston Rockets,Oklahoma City Thunder,3IN4,Chesapeake Energy Arena
1/10,7:00 PM,7:00 PM,1,Atlanta Hawks,Washington Wizards,1,Capital One Arena
1/10,7:30 PM,7:30 PM,1,Miami Heat,Brooklyn Nets,2,Barclays Center
1/10,8:00 PM,7:00 PM,1,Indiana Pacers,Chicago Bulls,1,United Center
1/10,8:00 PM,7:00 PM,1,San Antonio Spurs,Memphis Grizzlies,2,FedExForum
1/10,8:00 PM,8:00 PM,1,New Orleans Pelicans,New York Knicks,3IN4,Madison Square Garden
1/10,8:30 PM,7:30 PM,2,Los Angeles Lakers,Dallas Mavericks,1,American Airlines Center
1/10,9:00 PM,7:00 PM,1,Charlotte Hornets,Utah Jazz,1,Vivint Smart Home Arena
1/10,9:00 PM,6:00 PM,1,Orlando Magic,Phoenix Suns,2,Talking Stick Resort Arena
1/10,10:00 PM,7:00 PM,1,Milwaukee Bucks,Sacramento Kings,2,Golden 1 Center
1/10,10:30 PM,7:30 PM,1,Golden State Warriors,Los Angeles Clippers,3+,Staples Center
1/11,5:00 PM,4:00 PM,1,Minnesota Timberwolves,Houston Rockets,3IN4,Toyota Center
1/11,7:00 PM,7:00 PM,3IN4-B2B,New Orleans Pelicans,Boston Celtics,3IN4,TD Garden
1/11,7:00 PM,7:00 PM,3IN4-B2B,Chicago Bulls,Detroit Pistons,1,Little Caesars Arena
1/11,8:00 PM,7:00 PM,B2B,Los Angeles Lakers,Oklahoma City Thunder,1,Chesapeake Energy Arena
1/11,8:30 PM,7:30 PM,1,Philadelphia 76ers,Dallas Mavericks,3IN4-B2B,American Airlines Center
1/11,9:00 PM,7:00 PM,1,Cleveland Cavaliers,Denver Nuggets,2,Pepsi Center
1/11,10:00 PM,7:00 PM,3IN4-B2B,Milwaukee Bucks,Portland Trail Blazers,1,Moda Center
1/12,3:30 PM,3:30 PM,1,Miami Heat,New York Knicks,1,Madison Square Garden
1/12,3:30 PM,3:30 PM,1,Utah Jazz,Washington Wizards,1,Capital One Arena
1/12,6:00 PM,6:00 PM,1,Atlanta Hawks,Brooklyn Nets,1,Barclays Center
1/12,6:00 PM,5:00 PM,1,Golden State Warriors,Memphis Grizzlies,1,FedExForum
1/12,6:00 PM,6:00 PM,1,San Antonio Spurs,Toronto Raptors,3+,Scotiabank Arena
1/12,8:00 PM,5:00 PM,1,Charlotte Hornets,Phoenix Suns,1,Talking Stick Resort Arena
1/12,8:00 PM,6:00 PM,1,Los Angeles Clippers,Denver Nuggets,B2B,Pepsi Center
1/13,7:00 PM,7:00 PM,3IN4,New Orleans Pelicans,Detroit Pistons,1,Little Caesars Arena
1/13,7:00 PM,7:00 PM,1,Philadelphia 76ers,Indiana Pacers,2,Bankers Life Fieldhouse
1/13,7:30 PM,7:30 PM,3IN4,Chicago Bulls,Boston Celtics,1,TD Garden
1/13,8:00 PM,7:00 PM,1,Oklahoma City Thunder,Minnesota Timberwolves,1,Target Center
1/13,10:00 PM,7:00 PM,3IN4-B2B,Charlotte Hornets,Portland Trail Blazers,1,Moda Center
1/13,10:00 PM,7:00 PM,2,Orlando Magic,Sacramento Kings,2,Golden 1 Center
1/13,10:30 PM,7:30 PM,1,Cleveland Cavaliers,Los Angeles Lakers,3IN4,Staples Center
1/14,7:30 PM,7:30 PM,1,Phoenix Suns,Atlanta Hawks,1,State Farm Arena
1/14,7:30 PM,7:30 PM,1,Utah Jazz,Brooklyn Nets,1,Barclays Center
1/14,8:00 PM,7:00 PM,2,Houston Rockets,Memphis Grizzlies,1,FedExForum
1/14,8:00 PM,7:00 PM,1,New York Knicks,Milwaukee Bucks,2,Fiserv Forum
1/14,10:30 PM,7:30 PM,3IN4-B2B,Cleveland Cavaliers,Los Angeles Clippers,1,Staples Center
1/14,10:30 PM,7:30 PM,2,Dallas Mavericks,Golden State Warriors,1,Chase Center
1/15,7:00 PM,7:00 PM,1,Detroit Pistons,Boston Celtics,1,TD Garden
1/15,7:00 PM,7:00 PM,3IN4-B2B,Brooklyn Nets,Philadelphia 76ers,1,Wells Fargo Center
1/15,7:30 PM,7:30 PM,2,San Antonio Spurs,Miami Heat,2,American Airlines Arena
1/15,8:00 PM,7:00 PM,2,Washington Wizards,Chicago Bulls,1,United Center
1/15,8:00 PM,7:00 PM,1,Indiana Pacers,Minnesota Timberwolves,1,Target Center
1/15,8:00 PM,7:00 PM,2,Toronto Raptors,Oklahoma City Thunder,1,Chesapeake Energy Arena
1/15,9:00 PM,7:00 PM,3IN4,Charlotte Hornets,Denver Nuggets,2,Pepsi Center
1/15,9:30 PM,8:30 PM,1,Portland Trail Blazers,Houston Rockets,B2B,Toyota Center
1/15,10:00 PM,7:00 PM,B2B,Dallas Mavericks,Sacramento Kings,1,Golden 1 Center
1/15,10:30 PM,7:30 PM,1,Orlando Magic,Los Angeles Lakers,1,Staples Center
1/16,7:30 PM,7:30 PM,1,Phoenix Suns,New York Knicks,1,Madison Square Garden
1/16,8:00 PM,7:00 PM,3IN4-B2B,Boston Celtics,Milwaukee Bucks,1,Fiserv Forum
1/16,8:00 PM,7:00 PM,1,Utah Jazz,New Orleans Pelicans,2,Smoothie King Center
1/16,10:30 PM,7:30 PM,B2B,Denver Nuggets,Golden State Warriors,1,Chase Center
1/16,10:30 PM,7:30 PM,3IN4-B2B,Orlando Magic,Los Angeles Clippers,1,Staples Center
1/17,7:00 PM,7:00 PM,1,Chicago Bulls,Philadelphia 76ers,1,Wells Fargo Center
1/17,7:00 PM,7:00 PM,1,Minnesota Timberwolves,Indiana Pacers,1,Bankers Life Fieldhouse
1/17,7:00 PM,7:00 PM,1,Washington Wizards,Toronto Raptors,1,Scotiabank Arena
1/17,8:00 PM,7:00 PM,2,Cleveland Cavaliers,Memphis Grizzlies,2,FedExForum
1/17,8:00 PM,7:00 PM,1,Miami Heat,Oklahoma City Thunder,1,Chesapeake Energy Arena
1/17,8:30 PM,7:30 PM,2,Atlanta Hawks,San Antonio Spurs,1,AT&T Center
1/17,9:30 PM,8:30 PM,1,Portland Trail Blazers,Dallas Mavericks,3IN4,American Airlines Center
1/18,3:30 PM,2:30 PM,1,Los Angeles Clippers,New Orleans Pelicans,1,Smoothie King Center
1/18,6:00 PM,6:00 PM,1,Milwaukee Bucks,Brooklyn Nets,2,Barclays Center
1/18,7:00 PM,7:00 PM,1,Phoenix Suns,Boston Celtics,3IN4,TD Garden
1/18,7:30 PM,7:30 PM,2,Detroit Pistons,Atlanta Hawks,B2B,State Farm Arena
1/18,7:30 PM,7:30 PM,3IN4-B2B,Philadelphia 76ers,New York Knicks,1,Madison Square Garden
1/18,8:00 PM,7:00 PM,B2B,Cleveland Cavaliers,Chicago Bulls,3IN4-B2B,United Center
1/18,8:00 PM,7:00 PM,3IN4-B2B,Toronto Raptors,Minnesota Timberwolves,3IN4-B2B,Target Center
1/18,8:30 PM,5:30 PM,3IN4,Orlando Magic,Golden State Warriors,1,Chase Center
1/18,8:30 PM,7:30 PM,2,Los Angeles Lakers,Houston Rockets,2,Toyota Center
1/18,9:00 PM,8:00 PM,3IN4-B2B,Portland Trail Blazers,Oklahoma City Thunder,3IN4-B2B,Chesapeake Energy Arena
1/18,9:00 PM,7:00 PM,2,Sacramento Kings,Utah Jazz,1,Vivint Smart Home Arena
1/19,3:00 PM,2:00 PM,1,Miami Heat,San Antonio Spurs,1,AT&T Center
1/19,8:00 PM,6:00 PM,1,Indiana Pacers,Denver Nuggets,2,Pepsi Center
1/20,2:00 PM,2:00 PM,1,Detroit Pistons,Washington Wizards,2,Capital One Arena
1/20,2:30 PM,2:30 PM,3IN4,Toronto Raptors,Atlanta Hawks,3IN4,State Farm Arena
1/20,3:00 PM,3:00 PM,3IN4,Philadelphia 76ers,Brooklyn Nets,1,Barclays Center
1/20,5:00 PM,5:00 PM,1,Orlando Magic,Charlotte Hornets,3+,Spectrum Center
1/20,5:00 PM,4:00 PM,3IN4,Chicago Bulls,Milwaukee Bucks,1,Fiserv Forum
1/20,5:00 PM,5:00 PM,1,New York Knicks,Cleveland Cavaliers,3IN4,Rocket Mortgage FieldHouse
1/20,5:00 PM,4:00 PM,3IN4,Oklahoma City Thunder,Houston Rockets,1,Toyota Center
1/20,5:00 PM,4:00 PM,1,New Orleans Pelicans,Memphis Grizzlies,2,FedExForum
1/20,5:00 PM,5:00 PM,1,Sacramento Kings,Miami Heat,3IN4-B2B,American Airlines Arena
1/20,7:30 PM,7:30 PM,1,Los Angeles Lakers,Boston Celtics,1,TD Garden
1/20,8:00 PM,7:00 PM,B2B,Denver Nuggets,Minnesota Timberwolves,3IN4,Target Center
1/20,9:00 PM,7:00 PM,3IN4-B2B,Indiana Pacers,Utah Jazz,1,Vivint Smart Home Arena
1/20,9:00 PM,6:00 PM,3IN4-B2B,San Antonio Spurs,Phoenix Suns,1,Talking Stick Resort Arena
1/20,10:00 PM,7:00 PM,1,Golden State Warriors,Portland Trail Blazers,3IN4,Moda Center
1/21,8:30 PM,7:30 PM,2,Los Angeles Clippers,Dallas Mavericks,3+,American Airlines Center
1/22,7:00 PM,7:00 PM,1,Sacramento Kings,Detroit Pistons,1,Little Caesars Arena
1/22,7:00 PM,7:00 PM,1,Oklahoma City Thunder,Orlando Magic,1,Amway Center
1/22,7:30 PM,7:30 PM,B2B,Los Angeles Clippers,Atlanta Hawks,1,State Farm Arena
1/22,7:30 PM,7:30 PM,1,Memphis Grizzlies,Boston Celtics,1,TD Garden
1/22,7:30 PM,7:30 PM,1,Los Angeles Lakers,New York Knicks,1,Madison Square Garden
1/22,7:30 PM,7:30 PM,1,Washington Wizards,Miami Heat,3IN4,American Airlines Arena
1/22,7:30 PM,7:30 PM,1,Philadelphia 76ers,Toronto Raptors,1,Scotiabank Arena
1/22,8:00 PM,7:00 PM,1,Minnesota Timberwolves,Chicago Bulls,1,United Center
1/22,8:00 PM,7:00 PM,3IN4,Denver Nuggets,Houston Rockets,1,Toyota Center
1/22,8:00 PM,7:00 PM,3IN4,San Antonio Spurs,New Orleans Pelicans,1,Smoothie King Center
1/22,9:00 PM,6:00 PM,3IN4,Indiana Pacers,Phoenix Suns,1,Talking Stick Resort Arena
1/22,10:00 PM,7:00 PM,1,Utah Jazz,Golden State Warriors,1,Chase Center
1/23,7:00 PM,7:00 PM,3IN4-B2B,Washington Wizards,Cleveland Cavaliers,2,Rocket Mortgage FieldHouse
1/23,8:00 PM,8:00 PM,3IN4-B2B,Los Angeles Lakers,Brooklyn Nets,2,Barclays Center
1/23,10:30 PM,7:30 PM,1,Dallas Mavericks,Portland Trail Blazers,2,Moda Center
1/24,3:00 PM,3:00 PM,3+,Milwaukee Bucks,Charlotte Hornets,3+,AccorHotels Arena in Paris
1/24,7:00 PM,7:00 PM,1,Boston Celtics,Orlando Magic,1,Amway Center
1/24,7:00 PM,7:00 PM,1,Memphis Grizzlies,Detroit Pistons,1,Little Caesars Arena
1/24,7:30 PM,7:30 PM,1,Toronto Raptors,New York Knicks,1,Madison Square Garden
1/24,8:00 PM,7:00 PM,1,Atlanta Hawks,Oklahoma City Thunder,1,Chesapeake Energy Arena
1/24,8:00 PM,7:00 PM,1,Sacramento Kings,Chicago Bulls,1,United Center
1/24,8:00 PM,7:00 PM,1,Denver Nuggets,New Orleans Pelicans,1,Smoothie King Center
1/24,8:00 PM,7:00 PM,1,Houston Rockets,Minnesota Timberwolves,1,Target Center
1/24,8:00 PM,8:00 PM,3IN4,Los Angeles Clippers,Miami Heat,1,American Airlines Arena
1/24,8:30 PM,7:30 PM,1,Phoenix Suns,San Antonio Spurs,1,AT&T Center
1/24,10:30 PM,7:30 PM,1,Indiana Pacers,Golden State Warriors,1,Chase Center
1/25,5:00 PM,3:00 PM,1,Dallas Mavericks,Utah Jazz,2,Vivint Smart Home Arena
1/25,7:00 PM,7:00 PM,1,Brooklyn Nets,Detroit Pistons,3IN4-B2B,Little Caesars Arena
1/25,8:00 PM,8:00 PM,3IN4-B2B,Chicago Bulls,Cleveland Cavaliers,1,Rocket Mortgage FieldHouse
1/25,8:00 PM,7:00 PM,3IN4-B2B,Oklahoma City Thunder,Minnesota Timberwolves,3IN4-B2B,Target Center
1/25,8:30 PM,8:30 PM,3IN4,Los Angeles Lakers,Philadelphia 76ers,2,Wells Fargo Center
1/26,3:30 PM,1:30 PM,1,Houston Rockets,Denver Nuggets,1,Pepsi Center
1/26,4:00 PM,3:00 PM,1,Toronto Raptors,San Antonio Spurs,1,AT&T Center
1/26,6:00 PM,6:00 PM,2,Washington Wizards,Atlanta Hawks,1,State Farm Arena
1/26,6:00 PM,5:00 PM,1,Boston Celtics,New Orleans Pelicans,1,Smoothie King Center
1/26,6:00 PM,6:00 PM,3IN4-B2B,Brooklyn Nets,New York Knicks,1,Madison Square Garden
1/26,6:00 PM,6:00 PM,1,Los Angeles Clippers,Orlando Magic,1,Amway Center
1/26,6:00 PM,5:00 PM,1,Phoenix Suns,Memphis Grizzlies,1,FedExForum
1/26,9:00 PM,6:00 PM,1,Indiana Pacers,Portland Trail Blazers,2,Moda Center
1/27,7:00 PM,7:00 PM,1,Cleveland Cavaliers,Detroit Pistons,3IN4,Little Caesars Arena
1/27,7:30 PM,7:30 PM,3IN4-B2B,Orlando Magic,Miami Heat,2,American Airlines Arena
1/27,8:00 PM,7:00 PM,3IN4-B2B,San Antonio Spurs,Chicago Bulls,3IN4,United Center
1/27,8:00 PM,7:00 PM,1,Dallas Mavericks,Oklahoma City Thunder,3IN4,Chesapeake Energy Arena
1/27,8:00 PM,7:00 PM,2,Sacramento Kings,Minnesota Timberwolves,3IN4,Target Center
1/27,9:00 PM,7:00 PM,3IN4-B2B,Houston Rockets,Utah Jazz,1,Vivint Smart Home Arena
1/28,7:00 PM,7:00 PM,1,New York Knicks,Charlotte Hornets,3+,Spectrum Center
1/28,7:30 PM,7:30 PM,1,Atlanta Hawks,Toronto Raptors,1,Scotiabank Arena
1/28,7:30 PM,7:30 PM,1,Boston Celtics,Miami Heat,B2B,American Airlines Arena
1/28,7:30 PM,7:30 PM,1,New Orleans Pelicans,Cleveland Cavaliers,3IN4-B2B,Rocket Mortgage FieldHouse
1/28,7:30 PM,7:30 PM,3+,Golden State Warriors,Philadelphia 76ers,2,Wells Fargo Center
1/28,8:00 PM,7:00 PM,1,Denver Nuggets,Memphis Grizzlies,1,FedExForum
1/28,8:00 PM,7:00 PM,1,Washington Wizards,Milwaukee Bucks,3+,Fiserv Forum
1/28,8:30 PM,7:30 PM,1,Phoenix Suns,Dallas Mavericks,3IN4-B2B,American Airlines Center
1/28,10:00 PM,7:00 PM,1,Los Angeles Clippers,Los Angeles Lakers,2,Staples Center
1/29,7:00 PM,7:00 PM,1,Chicago Bulls,Indiana Pacers,2,Bankers Life Fieldhouse
1/29,7:30 PM,7:30 PM,1,Detroit Pistons,Brooklyn Nets,2,Barclays Center
1/29,7:30 PM,7:30 PM,3IN4-B2B,Memphis Grizzlies,New York Knicks,3IN4-B2B,Madison Square Garden
1/29,8:30 PM,7:30 PM,1,Utah Jazz,San Antonio Spurs,3IN4,AT&T Center
1/29,10:00 PM,7:00 PM,3IN4,Houston Rockets,Portland Trail Blazers,2,Moda Center
1/29,10:00 PM,7:00 PM,1,Oklahoma City Thunder,Sacramento Kings,1,Golden 1 Center
1/30,7:00 PM,7:00 PM,1,Charlotte Hornets,Washington Wizards,1,Capital One Arena
1/30,7:00 PM,7:00 PM,1,Toronto Raptors,Cleveland Cavaliers,3IN4,Rocket Mortgage FieldHouse
1/30,7:30 PM,7:30 PM,1,Philadelphia 76ers,Atlanta Hawks,1,State Farm Arena
1/30,8:00 PM,8:00 PM,1,Golden State Warriors,Boston Celtics,1,TD Garden
1/30,10:30 PM,8:30 PM,3IN4-B2B,Utah Jazz,Denver Nuggets,1,Pepsi Center
1/30,10:30 PM,7:30 PM,3IN4-B2B,Sacramento Kings,Los Angeles Clippers,1,Staples Center
1/31,7:00 PM,7:00 PM,3IN4-B2B,Toronto Raptors,Detroit Pistons,1,Little Caesars Arena
1/31,7:30 PM,7:30 PM,1,Chicago Bulls,Brooklyn Nets,1,Barclays Center
1/31,8:00 PM,7:00 PM,2,Dallas Mavericks,Houston Rockets,1,Toyota Center
1/31,8:00 PM,7:00 PM,3IN4,Memphis Grizzlies,New Orleans Pelicans,2,Smoothie King Center
1/31,9:00 PM,8:00 PM,3IN4-B2B,Denver Nuggets,Milwaukee Bucks,2,Fiserv Forum
1/31,9:00 PM,6:00 PM,1,Oklahoma City Thunder,Phoenix Suns,2,Talking Stick Resort Arena
1/31,10:30 PM,7:30 PM,1,Portland Trail Blazers,Los Angeles Lakers,2,Staples Center
2/1,3:30 PM,12:30 PM,3+,Minnesota Timberwolves,Los Angeles Clippers,1,Staples Center
2/1,7:00 PM,7:00 PM,2,New York Knicks,Indiana Pacers,2,Bankers Life Fieldhouse
2/1,7:00 PM,7:00 PM,3+,Miami Heat,Orlando Magic,3+,Amway Center
2/1,8:00 PM,8:00 PM,3IN4-B2B,Brooklyn Nets,Washington Wizards,1,Capital One Arena
2/1,8:00 PM,8:00 PM,1,Golden State Warriors,Cleveland Cavaliers,1,Rocket Mortgage FieldHouse
2/1,8:30 PM,7:30 PM,1,Atlanta Hawks,Dallas Mavericks,B2B,American Airlines Center
2/1,8:30 PM,8:30 PM,1,Philadelphia 76ers,Boston Celtics,1,TD Garden
2/1,9:00 PM,8:00 PM,1,Charlotte Hornets,San Antonio Spurs,2,AT&T Center
2/1,10:00 PM,7:00 PM,B2B,Los Angeles Lakers,Sacramento Kings,3IN4,Golden 1 Center
2/1,10:00 PM,7:00 PM,3IN4,Utah Jazz,Portland Trail Blazers,3IN4-B2B,Moda Center
2/2,2:00 PM,1:00 PM,1,New Orleans Pelicans,Houston Rockets,1,Toyota Center
2/2,2:00 PM,1:00 PM,1,Phoenix Suns,Milwaukee Bucks,1,Fiserv Forum
2/2,3:00 PM,3:00 PM,1,Chicago Bulls,Toronto Raptors,3IN4,Scotiabank Arena
2/2,12:30 PM,12:30 PM,3IN4,Denver Nuggets,Detroit Pistons,1,Little Caesars Arena
2/3,7:00 PM,7:00 PM,1,Orlando Magic,Charlotte Hornets,1,Spectrum Center
2/3,7:00 PM,7:00 PM,1,New York Knicks,Cleveland Cavaliers,1,Rocket Mortgage FieldHouse
2/3,7:00 PM,7:00 PM,3IN4,Dallas Mavericks,Indiana Pacers,1,Bankers Life Fieldhouse
2/3,7:00 PM,7:00 PM,1,Golden State Warriors,Washington Wizards,1,Capital One Arena
2/3,7:30 PM,7:30 PM,1,Boston Celtics,Atlanta Hawks,1,State Farm Arena
2/3,7:30 PM,7:30 PM,3IN4-B2B,Phoenix Suns,Brooklyn Nets,3IN4,Barclays Center
2/3,7:30 PM,7:30 PM,1,Philadelphia 76ers,Miami Heat,1,American Airlines Arena
2/3,8:00 PM,7:00 PM,3IN4-B2B,Detroit Pistons,Memphis Grizzlies,2,FedExForum
2/3,10:00 PM,7:00 PM,1,Minnesota Timberwolves,Sacramento Kings,1,Golden 1 Center
2/3,10:30 PM,7:30 PM,1,San Antonio Spurs,Los Angeles Clippers,1,Staples Center
2/4,7:30 PM,6:30 PM,1,Milwaukee Bucks,New Orleans Pelicans,1,Smoothie King Center
2/4,8:00 PM,7:00 PM,3IN4-B2B,Charlotte Hornets,Houston Rockets,1,Toyota Center
2/4,10:00 PM,8:00 PM,2,Portland Trail Blazers,Denver Nuggets,1,Pepsi Center
2/4,10:30 PM,7:30 PM,3IN4-B2B,San Antonio Spurs,Los Angeles Lakers,2,Staples Center
2/5,7:00 PM,7:00 PM,3IN4,Phoenix Suns,Detroit Pistons,3IN4,Little Caesars Arena
2/5,7:30 PM,7:30 PM,1,Orlando Magic,Boston Celtics,1,TD Garden
2/5,7:30 PM,7:30 PM,1,Golden State Warriors,Brooklyn Nets,1,Barclays Center
2/5,7:30 PM,7:30 PM,1,Indiana Pacers,Toronto Raptors,2,Scotiabank Arena
2/5,8:00 PM,7:00 PM,1,Atlanta Hawks,Minnesota Timberwolves,1,Target Center
2/5,8:00 PM,7:00 PM,1,Cleveland Cavaliers,Oklahoma City Thunder,3+,Chesapeake Energy Arena
2/5,8:30 PM,7:30 PM,1,Memphis Grizzlies,Dallas Mavericks,1,American Airlines Center
2/5,10:00 PM,8:00 PM,3IN4-B2B,Denver Nuggets,Utah Jazz,3+,Vivint Smart Home Arena
2/5,10:30 PM,7:30 PM,1,Miami Heat,Los Angeles Clippers,1,Staples Center
2/6,7:30 PM,7:30 PM,3IN4-B2B,Orlando Magic,New York Knicks,2,Madison Square Garden
2/6,8:00 PM,7:00 PM,1,New Orleans Pelicans,Chicago Bulls,3+,United Center
2/6,8:00 PM,7:00 PM,2,Philadelphia 76ers,Milwaukee Bucks,1,Fiserv Forum
2/6,10:00 PM,7:00 PM,3IN4,San Antonio Spurs,Portland Trail Blazers,1,Moda Center
2/6,10:30 PM,7:30 PM,1,Houston Rockets,Los Angeles Lakers,1,Staples Center
2/7,7:00 PM,7:00 PM,1,Dallas Mavericks,Washington Wizards,3+,Capital One Arena
2/7,7:00 PM,7:00 PM,1,Memphis Grizzlies,Philadelphia 76ers,B2B,Wells Fargo Center
2/7,7:30 PM,7:30 PM,1,Atlanta Hawks,Boston Celtics,1,TD Garden
2/7,8:00 PM,7:00 PM,1,Detroit Pistons,Oklahoma City Thunder,1,Chesapeake Energy Arena
2/7,8:00 PM,8:00 PM,1,Toronto Raptors,Indiana Pacers,1,Bankers Life Fieldhouse
2/7,9:00 PM,6:00 PM,3IN4-B2B,Houston Rockets,Phoenix Suns,1,Talking Stick Resort Arena
2/7,10:00 PM,7:00 PM,1,Miami Heat,Sacramento Kings,3+,Golden 1 Center
2/7,10:30 PM,8:30 PM,3IN4-B2B,Portland Trail Blazers,Utah Jazz,1,Vivint Smart Home Arena
2/8,5:00 PM,5:00 PM,1,Milwaukee Bucks,Orlando Magic,3IN4,Amway Center
2/8,7:00 PM,7:00 PM,3IN4-B2B,Dallas Mavericks,Charlotte Hornets,3+,Spectrum Center
2/8,7:00 PM,7:00 PM,1,New York Knicks,Detroit Pistons,3IN4-B2B,Little Caesars Arena
2/8,7:30 PM,7:30 PM,2,Brooklyn Nets,Toronto Raptors,3IN4-B2B,Scotiabank Arena
2/8,7:30 PM,7:30 PM,1,New Orleans Pelicans,Indiana Pacers,3IN4-B2B,Bankers Life Fieldhouse
2/8,8:00 PM,7:00 PM,2,Los Angeles Clippers,Minnesota Timberwolves,2,Target Center
2/8,8:30 PM,5:30 PM,1,Los Angeles Lakers,Golden State Warriors,2,Chase Center
2/8,9:00 PM,6:00 PM,2,Denver Nuggets,Phoenix Suns,3IN4-B2B,Talking Stick Resort Arena
2/8,10:00 PM,7:00 PM,1,San Antonio Spurs,Sacramento Kings,B2B,Golden 1 Center
2/9,3:30 PM,2:30 PM,1,Boston Celtics,Oklahoma City Thunder,1,Chesapeake Energy Arena
2/9,6:00 PM,6:00 PM,3IN4-B2B,New York Knicks,Atlanta Hawks,1,State Farm Arena
2/9,6:00 PM,6:00 PM,2,Chicago Bulls,Philadelphia 76ers,3IN4,Wells Fargo Center
2/9,6:00 PM,6:00 PM,1,Memphis Grizzlies,Washington Wizards,1,Capital One Arena
2/9,7:00 PM,6:00 PM,1,Utah Jazz,Houston Rockets,3IN4,Toyota Center
2/9,7:30 PM,7:30 PM,B2B,Los Angeles Clippers,Cleveland Cavaliers,3+,Rocket Mortgage FieldHouse
2/9,9:00 PM,6:00 PM,1,Miami Heat,Portland Trail Blazers,3IN4,Moda Center
2/10,7:00 PM,7:00 PM,3IN4-B2B,Atlanta Hawks,Orlando Magic,1,Amway Center
2/10,7:00 PM,7:00 PM,1,Brooklyn Nets,Indiana Pacers,3IN4,Bankers Life Fieldhouse
2/10,7:00 PM,7:00 PM,1,Charlotte Hornets,Detroit Pistons,3IN4,Little Caesars Arena
2/10,7:30 PM,7:30 PM,1,Minnesota Timberwolves,Toronto Raptors,3IN4,Scotiabank Arena
2/10,8:00 PM,7:00 PM,3IN4,Sacramento Kings,Milwaukee Bucks,1,Fiserv Forum
2/10,8:30 PM,7:30 PM,3IN4-B2B,Utah Jazz,Dallas Mavericks,3IN4,American Airlines Center
2/10,9:00 PM,7:00 PM,1,San Antonio Spurs,Denver Nuggets,1,Pepsi Center
2/10,10:30 PM,7:30 PM,3IN4-B2B,Miami Heat,Golden State Warriors,1,Chase Center
2/10,10:30 PM,7:30 PM,3IN4,Phoenix Suns,Los Angeles Lakers,1,Staples Center
2/11,7:00 PM,7:00 PM,1,Chicago Bulls,Washington Wizards,1,Capital One Arena
2/11,7:00 PM,7:00 PM,3IN4,Los Angeles Clippers,Philadelphia 76ers,1,Wells Fargo Center
2/11,8:00 PM,7:00 PM,1,Portland Trail Blazers,New Orleans Pelicans,2,Smoothie King Center
2/11,8:00 PM,7:00 PM,3IN4-B2B,San Antonio Spurs,Oklahoma City Thunder,1,Chesapeake Energy Arena
2/11,9:30 PM,8:30 PM,1,Boston Celtics,Houston Rockets,1,Toyota Center
2/12,7:00 PM,7:00 PM,3IN4,Atlanta Hawks,Cleveland Cavaliers,2,Rocket Mortgage FieldHouse
2/12,7:00 PM,7:00 PM,1,Detroit Pistons,Orlando Magic,1,Amway Center
2/12,7:30 PM,7:30 PM,1,Toronto Raptors,Brooklyn Nets,1,Barclays Center
2/12,7:30 PM,7:30 PM,1,Milwaukee Bucks,Indiana Pacers,1,Bankers Life Fieldhouse
2/12,7:30 PM,7:30 PM,3IN4-B2B,Washington Wizards,New York Knicks,2,Madison Square Garden
2/12,8:00 PM,7:00 PM,1,Charlotte Hornets,Minnesota Timberwolves,1,Target Center
2/12,8:00 PM,7:00 PM,3IN4-B2B,Portland Trail Blazers,Memphis Grizzlies,2,FedExForum
2/12,8:30 PM,7:30 PM,1,Sacramento Kings,Dallas Mavericks,1,American Airlines Center
2/12,9:00 PM,6:00 PM,1,Golden State Warriors,Phoenix Suns,1,Talking Stick Resort Arena
2/12,9:00 PM,7:00 PM,3IN4,Miami Heat,Utah Jazz,3IN4,Vivint Smart Home Arena
2/12,10:00 PM,8:00 PM,1,Los Angeles Lakers,Denver Nuggets,1,Pepsi Center
2/13,8:00 PM,8:00 PM,1,Los Angeles Clippers,Boston Celtics,1,TD Garden
2/13,8:00 PM,7:00 PM,1,Oklahoma City Thunder,New Orleans Pelicans,1,Smoothie King Center
2/20,7:00 PM,7:00 PM,3+,Milwaukee Bucks,Detroit Pistons,3+,Little Caesars Arena
2/20,7:30 PM,7:30 PM,3+,Miami Heat,Atlanta Hawks,3+,State Farm Arena
2/20,8:00 PM,8:00 PM,3+,Brooklyn Nets,Philadelphia 76ers,3+,Wells Fargo Center
2/20,8:00 PM,7:00 PM,3+,Charlotte Hornets,Chicago Bulls,3+,United Center
2/20,10:00 PM,7:00 PM,3+,Memphis Grizzlies,Sacramento Kings,3+,Golden 1 Center
2/20,10:30 PM,7:30 PM,3+,Houston Rockets,Golden State Warriors,3+,Chase Center
2/21,7:00 PM,7:00 PM,3+,Cleveland Cavaliers,Washington Wizards,3+,Capital One Arena
2/21,7:00 PM,7:00 PM,3+,Dallas Mavericks,Orlando Magic,3+,Amway Center
2/21,7:30 PM,7:30 PM,3+,Indiana Pacers,New York Knicks,3+,Madison Square Garden
2/21,7:30 PM,7:30 PM,3+,Phoenix Suns,Toronto Raptors,3+,Scotiabank Arena
2/21,8:00 PM,7:00 PM,3+,Boston Celtics,Minnesota Timberwolves,3+,Target Center
2/21,8:00 PM,7:00 PM,3+,Denver Nuggets,Oklahoma City Thunder,3+,Chesapeake Energy Arena
2/21,9:00 PM,7:00 PM,3+,San Antonio Spurs,Utah Jazz,3+,Vivint Smart Home Arena
2/21,10:30 PM,7:30 PM,B2B,Memphis Grizzlies,Los Angeles Lakers,3+,Staples Center
2/21,10:30 PM,7:30 PM,3+,New Orleans Pelicans,Portland Trail Blazers,3+,Moda Center
2/22,3:30 PM,12:30 PM,1,Sacramento Kings,Los Angeles Clippers,3+,Staples Center
2/22,7:00 PM,7:00 PM,1,Brooklyn Nets,Charlotte Hornets,1,Spectrum Center
2/22,7:30 PM,7:30 PM,B2B,Dallas Mavericks,Atlanta Hawks,1,State Farm Arena
2/22,8:00 PM,7:00 PM,B2B,Phoenix Suns,Chicago Bulls,1,United Center
2/22,8:00 PM,8:00 PM,B2B,Cleveland Cavaliers,Miami Heat,1,American Airlines Arena
2/22,8:30 PM,7:30 PM,1,Philadelphia 76ers,Milwaukee Bucks,1,Fiserv Forum
2/22,9:00 PM,7:00 PM,1,Houston Rockets,Utah Jazz,B2B,Vivint Smart Home Arena
2/23,3:30 PM,12:30 PM,1,Boston Celtics,Los Angeles Lakers,1,Staples Center
2/23,6:00 PM,4:00 PM,1,Minnesota Timberwolves,Denver Nuggets,1,Pepsi Center
2/23,6:00 PM,6:00 PM,1,Indiana Pacers,Toronto Raptors,1,Scotiabank Arena
2/23,7:00 PM,6:00 PM,1,Washington Wizards,Chicago Bulls,3IN4-B2B,United Center
2/23,7:00 PM,6:00 PM,1,San Antonio Spurs,Oklahoma City Thunder,1,Chesapeake Energy Arena
2/23,8:30 PM,5:30 PM,1,New Orleans Pelicans,Golden State Warriors,2,Chase Center
2/23,9:00 PM,6:00 PM,2,Detroit Pistons,Portland Trail Blazers,1,Moda Center
2/24,7:00 PM,7:00 PM,1,Atlanta Hawks,Philadelphia 76ers,1,Wells Fargo Center
2/24,7:00 PM,7:00 PM,1,Miami Heat,Cleveland Cavaliers,3IN4,Rocket Mortgage FieldHouse
2/24,7:00 PM,7:00 PM,1,Milwaukee Bucks,Washington Wizards,3IN4-B2B,Capital One Arena
2/24,7:30 PM,7:30 PM,2,Orlando Magic,Brooklyn Nets,1,Barclays Center
2/24,8:00 PM,7:00 PM,2,New York Knicks,Houston Rockets,1,Toyota Center
2/24,8:30 PM,7:30 PM,3IN4-B2B,Minnesota Timberwolves,Dallas Mavericks,3IN4,American Airlines Center
2/24,9:00 PM,7:00 PM,3IN4,Phoenix Suns,Utah Jazz,3IN4,Vivint Smart Home Arena
2/24,10:30 PM,7:30 PM,2,Memphis Grizzlies,Los Angeles Clippers,1,Staples Center
2/25,7:00 PM,7:00 PM,2,Charlotte Hornets,Indiana Pacers,1,Bankers Life Fieldhouse
2/25,7:30 PM,7:30 PM,3IN4-B2B,Milwaukee Bucks,Toronto Raptors,1,Scotiabank Arena
2/25,8:00 PM,7:00 PM,1,Oklahoma City Thunder,Chicago Bulls,3IN4,United Center
2/25,9:00 PM,7:00 PM,1,Detroit Pistons,Denver Nuggets,1,Pepsi Center
2/25,10:00 PM,7:00 PM,1,Boston Celtics,Portland Trail Blazers,1,Moda Center
2/25,10:00 PM,7:00 PM,1,New Orleans Pelicans,Los Angeles Lakers,1,Staples Center
2/25,10:30 PM,7:30 PM,2,Sacramento Kings,Golden State Warriors,1,Chase Center
2/26,7:00 PM,7:00 PM,1,Brooklyn Nets,Washington Wizards,3IN4,Capital One Arena
2/26,7:00 PM,7:00 PM,1,New York Knicks,Charlotte Hornets,B2B,Spectrum Center
2/26,7:00 PM,7:00 PM,1,Philadelphia 76ers,Cleveland Cavaliers,1,Rocket Mortgage FieldHouse
2/26,7:30 PM,7:30 PM,1,Orlando Magic,Atlanta Hawks,1,State Farm Arena
2/26,7:30 PM,6:30 PM,1,Dallas Mavericks,San Antonio Spurs,2,AT&T Center
2/26,7:30 PM,7:30 PM,3IN4,Minnesota Timberwolves,Miami Heat,1,American Airlines Arena
2/26,8:00 PM,7:00 PM,1,Memphis Grizzlies,Houston Rockets,1,Toyota Center
2/26,9:00 PM,6:00 PM,1,Los Angeles Clippers,Phoenix Suns,1,Talking Stick Resort Arena
2/26,10:00 PM,8:00 PM,3IN4-B2B,Boston Celtics,Utah Jazz,1,Vivint Smart Home Arena
2/27,7:00 PM,7:00 PM,3IN4-B2B,New York Knicks,Philadelphia 76ers,3IN4-B2B,Wells Fargo Center
2/27,8:00 PM,8:00 PM,1,Portland Trail Blazers,Indiana Pacers,1,Bankers Life Fieldhouse
2/27,8:00 PM,7:00 PM,1,Sacramento Kings,Oklahoma City Thunder,1,Chesapeake Energy Arena
2/27,10:30 PM,7:30 PM,1,Los Angeles Lakers,Golden State Warriors,1,Chase Center
2/28,7:00 PM,7:00 PM,1,Minnesota Timberwolves,Orlando Magic,1,Amway Center
2/28,7:30 PM,7:30 PM,1,Brooklyn Nets,Atlanta Hawks,1,State Farm Arena
2/28,7:30 PM,7:30 PM,3IN4,Charlotte Hornets,Toronto Raptors,2,Scotiabank Arena
2/28,8:00 PM,7:00 PM,1,Cleveland Cavaliers,New Orleans Pelicans,2,Smoothie King Center
2/28,8:00 PM,8:00 PM,1,Dallas Mavericks,Miami Heat,1,American Airlines Arena
2/28,8:00 PM,7:00 PM,3IN4-B2B,Sacramento Kings,Memphis Grizzlies,1,FedExForum
2/28,8:00 PM,7:00 PM,3IN4-B2B,Oklahoma City Thunder,Milwaukee Bucks,2,Fiserv Forum
2/28,9:00 PM,6:00 PM,2,Detroit Pistons,Phoenix Suns,1,Talking Stick Resort Arena
2/28,9:00 PM,7:00 PM,1,Washington Wizards,Utah Jazz,1,Vivint Smart Home Arena
2/28,10:30 PM,7:30 PM,2,Denver Nuggets,Los Angeles Clippers,1,Staples Center
2/29,5:00 PM,5:00 PM,3+,Chicago Bulls,New York Knicks,3IN4,Madison Square Garden
2/29,7:30 PM,7:30 PM,1,Portland Trail Blazers,Atlanta Hawks,3IN4-B2B,State Farm Arena
2/29,7:30 PM,7:30 PM,3IN4-B2B,Brooklyn Nets,Miami Heat,3IN4-B2B,American Airlines Arena
2/29,8:00 PM,8:00 PM,1,Indiana Pacers,Cleveland Cavaliers,3IN4-B2B,Rocket Mortgage FieldHouse
2/29,8:00 PM,7:00 PM,1,Los Angeles Lakers,Memphis Grizzlies,3IN4-B2B,FedExForum
2/29,8:30 PM,8:30 PM,2,Houston Rockets,Boston Celtics,2,TD Garden
2/29,8:30 PM,7:30 PM,3IN4-B2B,Orlando Magic,San Antonio Spurs,2,AT&T Center
2/29,9:00 PM,6:00 PM,1,Golden State Warriors,Phoenix Suns,3IN4-B2B,Talking Stick Resort Arena
3/1,1:00 PM,1:00 PM,1,Milwaukee Bucks,Charlotte Hornets,1,Spectrum Center
3/1,3:30 PM,2:30 PM,1,Dallas Mavericks,Minnesota Timberwolves,1,Target Center
3/1,3:30 PM,12:30 PM,2,Philadelphia 76ers,Los Angeles Clippers,1,Staples Center
3/1,6:00 PM,4:00 PM,1,Toronto Raptors,Denver Nuggets,1,Pepsi Center
3/1,6:00 PM,3:00 PM,1,Detroit Pistons,Sacramento Kings,3IN4,Golden 1 Center
3/1,8:00 PM,7:00 PM,3IN4-B2B,Los Angeles Lakers,New Orleans Pelicans,1,Smoothie King Center
3/1,8:30 PM,5:30 PM,1,Washington Wizards,Golden State Warriors,3IN4-B2B,Chase Center
3/2,7:00 PM,7:00 PM,2,Utah Jazz,Cleveland Cavaliers,3IN4,Rocket Mortgage FieldHouse
3/2,7:00 PM,7:00 PM,1,Houston Rockets,New York Knicks,1,Madison Square Garden
3/2,7:00 PM,7:00 PM,1,Portland Trail Blazers,Orlando Magic,3IN4,Amway Center
3/2,7:30 PM,7:30 PM,3IN4,Memphis Grizzlies,Atlanta Hawks,3IN4,State Farm Arena
3/2,7:30 PM,7:30 PM,3IN4-B2B,Milwaukee Bucks,Miami Heat,3IN4,American Airlines Arena
3/2,8:00 PM,7:00 PM,3IN4-B2B,Dallas Mavericks,Chicago Bulls,1,United Center
3/2,8:30 PM,7:30 PM,1,Indiana Pacers,San Antonio Spurs,1,AT&T Center
3/3,7:00 PM,7:00 PM,3IN4-B2B,San Antonio Spurs,Charlotte Hornets,1,Spectrum Center
3/3,7:30 PM,7:30 PM,2,Brooklyn Nets,Boston Celtics,2,TD Garden
3/3,8:00 PM,7:00 PM,1,Los Angeles Clippers,Oklahoma City Thunder,3+,Chesapeake Energy Arena
3/3,8:00 PM,7:00 PM,1,Minnesota Timberwolves,New Orleans Pelicans,1,Smoothie King Center
3/3,9:00 PM,7:00 PM,3IN4,Golden State Warriors,Denver Nuggets,1,Pepsi Center
3/3,9:00 PM,6:00 PM,1,Toronto Raptors,Phoenix Suns,2,Talking Stick Resort Arena
3/3,10:00 PM,7:00 PM,1,Philadelphia 76ers,Los Angeles Lakers,3IN4,Staples Center
3/3,10:00 PM,7:00 PM,1,Washington Wizards,Sacramento Kings,1,Golden 1 Center
3/4,7:00 PM,7:00 PM,B2B,Boston Celtics,Cleveland Cavaliers,1,Rocket Mortgage FieldHouse
3/4,7:00 PM,7:00 PM,B2B,Oklahoma City Thunder,Detroit Pistons,2,Little Caesars Arena
3/4,7:00 PM,7:00 PM,1,Orlando Magic,Miami Heat,1,American Airlines Arena
3/4,7:30 PM,7:30 PM,1,Memphis Grizzlies,Brooklyn Nets,B2B,Barclays Center
3/4,7:30 PM,7:30 PM,1,Utah Jazz,New York Knicks,1,Madison Square Garden
3/4,8:00 PM,7:00 PM,1,Chicago Bulls,Minnesota Timberwolves,3IN4-B2B,Target Center
3/4,8:30 PM,7:30 PM,3IN4-B2B,New Orleans Pelicans,Dallas Mavericks,3IN4,American Airlines Center
3/4,9:30 PM,8:30 PM,1,Indiana Pacers,Milwaukee Bucks,3IN4,Fiserv Forum
3/4,10:00 PM,7:00 PM,3IN4-B2B,Washington Wizards,Portland Trail Blazers,1,Moda Center
3/5,7:00 PM,7:00 PM,1,Denver Nuggets,Charlotte Hornets,1,Spectrum Center
3/5,8:00 PM,7:00 PM,1,Los Angeles Clippers,Houston Rockets,2,Toyota Center
3/5,10:00 PM,7:00 PM,1,Philadelphia 76ers,Sacramento Kings,1,Golden 1 Center
3/5,10:30 PM,7:30 PM,1,Toronto Raptors,Golden State Warriors,1,Chase Center
3/6,7:00 PM,7:00 PM,3+,Atlanta Hawks,Washington Wizards,3IN4,Capital One Arena
3/6,7:30 PM,7:30 PM,2,San Antonio Spurs,Brooklyn Nets,3IN4,Barclays Center
3/6,7:30 PM,7:30 PM,3IN4,Oklahoma City Thunder,New York Knicks,1,Madison Square Garden
3/6,8:00 PM,8:00 PM,1,Utah Jazz,Boston Celtics,3IN4,TD Garden
3/6,8:00 PM,7:00 PM,1,Indiana Pacers,Chicago Bulls,1,United Center
3/6,8:00 PM,7:00 PM,1,Miami Heat,New Orleans Pelicans,3IN4,Smoothie King Center
3/6,8:00 PM,7:00 PM,1,Orlando Magic,Minnesota Timberwolves,3IN4,Target Center
3/6,8:30 PM,7:30 PM,1,Memphis Grizzlies,Dallas Mavericks,1,American Airlines Center
3/6,9:00 PM,6:00 PM,1,Portland Trail Blazers,Phoenix Suns,2,Talking Stick Resort Arena
3/6,10:30 PM,7:30 PM,1,Milwaukee Bucks,Los Angeles Lakers,2,Staples Center
3/7,5:00 PM,5:00 PM,1,Houston Rockets,Charlotte Hornets,1,Spectrum Center
3/7,7:00 PM,7:00 PM,3IN4-B2B,Utah Jazz,Detroit Pistons,2,Little Caesars Arena
3/7,7:30 PM,7:30 PM,1,Denver Nuggets,Cleveland Cavaliers,2,Rocket Mortgage FieldHouse
3/7,8:00 PM,7:00 PM,B2B,Atlanta Hawks,Memphis Grizzlies,3IN4-B2B,FedExForum
3/7,8:30 PM,5:30 PM,1,Philadelphia 76ers,Golden State Warriors,1,Chase Center
3/7,10:00 PM,7:00 PM,1,Sacramento Kings,Portland Trail Blazers,3IN4-B2B,Moda Center
3/8,3:00 PM,3:00 PM,1,Chicago Bulls,Brooklyn Nets,1,Barclays Center
3/8,3:30 PM,12:30 PM,1,Los Angeles Lakers,Los Angeles Clippers,2,Staples Center
3/8,3:30 PM,2:30 PM,1,New Orleans Pelicans,Minnesota Timberwolves,1,Target Center
3/8,6:00 PM,6:00 PM,1,Oklahoma City Thunder,Boston Celtics,1,TD Garden
3/8,6:00 PM,3:00 PM,1,Milwaukee Bucks,Phoenix Suns,1,Talking Stick Resort Arena
3/8,7:00 PM,6:00 PM,1,Indiana Pacers,Dallas Mavericks,1,American Airlines Center
3/8,7:00 PM,6:00 PM,1,Orlando Magic,Houston Rockets,3IN4-B2B,Toyota Center
3/8,7:00 PM,7:00 PM,1,Miami Heat,Washington Wizards,1,Capital One Arena
3/8,7:30 PM,7:30 PM,1,San Antonio Spurs,Cleveland Cavaliers,B2B,Rocket Mortgage FieldHouse
3/8,7:30 PM,7:30 PM,B2B,Detroit Pistons,New York Knicks,1,Madison Square Garden
3/8,9:00 PM,6:00 PM,2,Toronto Raptors,Sacramento Kings,3IN4-B2B,Golden 1 Center
3/9,7:30 PM,7:30 PM,1,Charlotte Hornets,Atlanta Hawks,3IN4,State Farm Arena
3/9,9:00 PM,7:00 PM,3IN4-B2B,Milwaukee Bucks,Denver Nuggets,1,Pepsi Center
3/9,9:00 PM,7:00 PM,B2B,Toronto Raptors,Utah Jazz,3IN4,Vivint Smart Home Arena
3/10,7:00 PM,7:00 PM,1,Boston Celtics,Indiana Pacers,1,Bankers Life Fieldhouse
3/10,7:00 PM,7:00 PM,1,New York Knicks,Washington Wizards,1,Capital One Arena
3/10,8:00 PM,7:00 PM,3IN4,Cleveland Cavaliers,Chicago Bulls,1,United Center
3/10,8:00 PM,7:00 PM,1,Dallas Mavericks,San Antonio Spurs,1,AT&T Center
3/10,8:00 PM,7:00 PM,1,Minnesota Timberwolves,Houston Rockets,3IN4,Toyota Center
3/10,8:00 PM,7:00 PM,1,Orlando Magic,Memphis Grizzlies,2,FedExForum
3/10,10:00 PM,7:00 PM,1,Phoenix Suns,Portland Trail Blazers,2,Moda Center
3/10,10:30 PM,7:30 PM,1,Brooklyn Nets,Los Angeles Lakers,1,Staples Center
3/10,10:30 PM,7:30 PM,1,Los Angeles Clippers,Golden State Warriors,2,Chase Center
3/11,7:30 PM,7:30 PM,3IN4-B2B,New York Knicks,Atlanta Hawks,1,State Farm Arena
3/11,7:30 PM,7:30 PM,1,Charlotte Hornets,Miami Heat,2,American Airlines Arena
3/11,7:30 PM,7:30 PM,2,Detroit Pistons,Philadelphia 76ers,3+,Wells Fargo Center
3/11,8:00 PM,7:00 PM,1,Utah Jazz,Oklahoma City Thunder,2,Chesapeake Energy Arena
3/11,8:30 PM,7:30 PM,1,Denver Nuggets,Dallas Mavericks,3IN4-B2B,American Airlines Center
3/11,10:00 PM,7:00 PM,2,New Orleans Pelicans,Sacramento Kings,2,Golden 1 Center
3/12,7:00 PM,7:00 PM,1,Chicago Bulls,Orlando Magic,1,Amway Center
3/12,8:00 PM,7:00 PM,1,Boston Celtics,Milwaukee Bucks,2,Fiserv Forum
3/12,10:00 PM,7:00 PM,1,Memphis Grizzlies,Portland Trail Blazers,1,Moda Center
3/12,10:30 PM,7:30 PM,1,Brooklyn Nets,Golden State Warriors,1,Chase Center
3/12,10:30 PM,7:30 PM,1,Houston Rockets,Los Angeles Lakers,1,Staples Center
3/13,7:00 PM,7:00 PM,2,Cleveland Cavaliers,Charlotte Hornets,1,Spectrum Center
3/13,7:30 PM,7:30 PM,2,Washington Wizards,Boston Celtics,3IN4-B2B,TD Garden
3/13,8:00 PM,8:00 PM,3IN4,New York Knicks,Miami Heat,1,American Airlines Arena
3/13,8:00 PM,7:00 PM,2,Minnesota Timberwolves,Oklahoma City Thunder,1,Chesapeake Energy Arena
3/13,8:30 PM,7:30 PM,1,Denver Nuggets,San Antonio Spurs,2,AT&T Center
3/13,9:00 PM,7:00 PM,1,New Orleans Pelicans,Utah Jazz,1,Vivint Smart Home Arena
3/13,10:30 PM,7:30 PM,3IN4-B2B,Brooklyn Nets,Los Angeles Clippers,2,Staples Center
3/14,2:00 PM,1:00 PM,3+,Phoenix Suns,Dallas Mavericks,2,American Airlines Center
3/14,7:30 PM,7:30 PM,B2B,Cleveland Cavaliers,Atlanta Hawks,2,State Farm Arena
3/14,7:30 PM,7:30 PM,2,Detroit Pistons,Toronto Raptors,3+,Scotiabank Arena
3/14,7:30 PM,7:30 PM,3+,Indiana Pacers,Philadelphia 76ers,2,Wells Fargo Center
3/14,8:00 PM,8:00 PM,1,Chicago Bulls,Miami Heat,3IN4-B2B,American Airlines Arena
3/14,8:30 PM,7:30 PM,1,Golden State Warriors,Milwaukee Bucks,1,Fiserv Forum
3/14,8:30 PM,7:30 PM,B2B,Minnesota Timberwolves,San Antonio Spurs,B2B,AT&T Center
3/14,9:00 PM,7:00 PM,1,Memphis Grizzlies,Utah Jazz,3IN4-B2B,Vivint Smart Home Arena
3/14,10:30 PM,7:30 PM,3IN4-B2B,New Orleans Pelicans,Los Angeles Clippers,B2B,Staples Center
3/15,3:30 PM,12:30 PM,2,Houston Rockets,Portland Trail Blazers,2,Moda Center
3/15,6:00 PM,6:00 PM,1,Charlotte Hornets,Orlando Magic,2,Amway Center
3/15,6:00 PM,6:00 PM,1,Oklahoma City Thunder,Washington Wizards,1,Capital One Arena
3/15,8:00 PM,7:00 PM,3IN4,Boston Celtics,Chicago Bulls,3IN4-B2B,United Center
3/15,9:00 PM,6:00 PM,3IN4,Brooklyn Nets,Sacramento Kings,3+,Golden 1 Center
3/15,9:00 PM,6:00 PM,1,Denver Nuggets,Los Angeles Lakers,2,Staples Center
3/16,7:00 PM,7:00 PM,3IN4-B2B,Washington Wizards,Philadelphia 76ers,1,Wells Fargo Center
3/16,8:00 PM,7:00 PM,1,Atlanta Hawks,New Orleans Pelicans,3IN4,Smoothie King Center
3/16,8:00 PM,8:00 PM,1,Golden State Warriors,Toronto Raptors,1,Scotiabank Arena
3/16,8:00 PM,7:00 PM,3IN4,Miami Heat,Milwaukee Bucks,1,Fiserv Forum
3/16,8:30 PM,7:30 PM,1,Memphis Grizzlies,San Antonio Spurs,3IN4,AT&T Center
3/16,9:00 PM,7:00 PM,B2B,Los Angeles Lakers,Utah Jazz,3IN4,Vivint Smart Home Arena
3/16,10:30 PM,7:30 PM,1,Dallas Mavericks,Los Angeles Clippers,3IN4,Staples Center
3/17,7:00 PM,7:00 PM,1,Orlando Magic,Detroit Pistons,2,Little Caesars Arena
3/17,7:30 PM,7:30 PM,1,Charlotte Hornets,New York Knicks,3+,Madison Square Garden
3/17,8:00 PM,7:00 PM,2,Cleveland Cavaliers,Houston Rockets,1,Toyota Center
3/17,8:00 PM,7:00 PM,1,Oklahoma City Thunder,Memphis Grizzlies,3IN4-B2B,FedExForum
3/17,10:00 PM,7:00 PM,3IN4-B2B,Dallas Mavericks,Sacramento Kings,1,Golden 1 Center
3/17,10:00 PM,7:00 PM,2,Minnesota Timberwolves,Portland Trail Blazers,1,Moda Center
3/18,7:00 PM,7:00 PM,1,Toronto Raptors,Philadelphia 76ers,1,Wells Fargo Center
3/18,7:30 PM,7:30 PM,3IN4-B2B,Oklahoma City Thunder,Atlanta Hawks,1,State Farm Arena
3/18,7:30 PM,7:30 PM,B2B,New York Knicks,Boston Celtics,2,TD Garden
3/18,7:30 PM,7:30 PM,3IN4,Washington Wizards,Brooklyn Nets,2,Barclays Center
3/18,7:30 PM,7:30 PM,1,Golden State Warriors,Indiana Pacers,3+,Bankers Life Fieldhouse
3/18,8:00 PM,7:00 PM,1,Miami Heat,Chicago Bulls,2,United Center
3/18,8:00 PM,7:00 PM,1,San Antonio Spurs,New Orleans Pelicans,1,Smoothie King Center
3/18,9:00 PM,7:00 PM,1,Los Angeles Clippers,Denver Nuggets,2,Pepsi Center
3/18,10:00 PM,7:00 PM,1,Utah Jazz,Los Angeles Lakers,3IN4,Staples Center
3/18,10:00 PM,7:00 PM,B2B,Minnesota Timberwolves,Phoenix Suns,3+,Talking Stick Resort Arena
3/19,7:00 PM,7:00 PM,3IN4-B2B,Philadelphia 76ers,Charlotte Hornets,1,Spectrum Center
3/19,7:00 PM,7:00 PM,1,Cleveland Cavaliers,Orlando Magic,1,Amway Center
3/19,8:00 PM,7:00 PM,1,Sacramento Kings,Houston Rockets,1,Toyota Center
3/19,8:00 PM,7:00 PM,3IN4,Memphis Grizzlies,Milwaukee Bucks,2,Fiserv Forum
3/19,10:00 PM,7:00 PM,3IN4,Dallas Mavericks,Portland Trail Blazers,1,Moda Center
3/20,7:00 PM,7:00 PM,1,Golden State Warriors,Detroit Pistons,2,Little Caesars Arena
3/20,7:00 PM,7:00 PM,1,Miami Heat,Indiana Pacers,1,Bankers Life Fieldhouse
3/20,7:30 PM,7:30 PM,1,Washington Wizards,Atlanta Hawks,1,State Farm Arena
3/20,7:30 PM,7:30 PM,1,Boston Celtics,Toronto Raptors,1,Scotiabank Arena
3/20,8:00 PM,7:00 PM,1,Denver Nuggets,Oklahoma City Thunder,3IN4,Chesapeake Energy Arena
3/20,8:30 PM,7:30 PM,1,Chicago Bulls,San Antonio Spurs,1,AT&T Center
3/20,9:00 PM,7:00 PM,3IN4,Minnesota Timberwolves,Utah Jazz,1,Vivint Smart Home Arena
3/20,10:30 PM,7:30 PM,1,Phoenix Suns,Los Angeles Clippers,1,Staples Center
3/21,6:00 PM,6:00 PM,3IN4-B2B,Boston Celtics,Brooklyn Nets,2,Barclays Center
3/21,7:00 PM,7:00 PM,3IN4-B2B,Atlanta Hawks,Philadelphia 76ers,3IN4,Wells Fargo Center
3/21,7:00 PM,7:00 PM,2,Los Angeles Lakers,Charlotte Hornets,1,Spectrum Center
3/21,7:00 PM,7:00 PM,1,Cleveland Cavaliers,Indiana Pacers,3IN4-B2B,Bankers Life Fieldhouse
3/21,7:00 PM,7:00 PM,1,Sacramento Kings,Orlando Magic,1,Amway Center
3/21,7:30 PM,7:30 PM,3IN4-B2B,Golden State Warriors,New York Knicks,2,Madison Square Garden
3/21,8:00 PM,7:00 PM,3IN4-B2B,Chicago Bulls,Houston Rockets,1,Toyota Center
3/21,8:00 PM,7:00 PM,2,New Orleans Pelicans,Memphis Grizzlies,1,FedExForum
3/21,8:00 PM,8:00 PM,1,Milwaukee Bucks,Washington Wizards,3IN4-B2B,Capital One Arena
3/21,10:00 PM,7:00 PM,1,Dallas Mavericks,Phoenix Suns,3IN4-B2B,Talking Stick Resort Arena
3/22,6:00 PM,6:00 PM,1,Denver Nuggets,Toronto Raptors,1,Scotiabank Arena
3/22,6:00 PM,6:00 PM,B2B,Los Angeles Lakers,Detroit Pistons,1,Little Caesars Arena
3/22,7:00 PM,6:00 PM,2,Portland Trail Blazers,Minnesota Timberwolves,1,Target Center
3/22,7:00 PM,6:00 PM,3IN4-B2B,Sacramento Kings,New Orleans Pelicans,B2B,Smoothie King Center
3/22,7:00 PM,6:00 PM,1,Utah Jazz,San Antonio Spurs,1,AT&T Center
3/23,7:00 PM,7:00 PM,3IN4,Boston Celtics,Washington Wizards,3IN4,Capital One Arena
3/23,7:00 PM,7:00 PM,3IN4,Phoenix Suns,Indiana Pacers,3IN4,Bankers Life Fieldhouse
3/23,7:00 PM,7:00 PM,2,Los Angeles Clippers,New York Knicks,1,Madison Square Garden
3/23,7:30 PM,7:30 PM,1,Orlando Magic,Brooklyn Nets,1,Barclays Center
3/23,7:30 PM,7:30 PM,2,Oklahoma City Thunder,Miami Heat,2,American Airlines Arena
3/23,8:00 PM,7:00 PM,3IN4-B2B,Denver Nuggets,Chicago Bulls,3IN4,United Center
3/23,8:00 PM,7:00 PM,3IN4-B2B,Detroit Pistons,Milwaukee Bucks,1,Fiserv Forum
3/23,8:30 PM,7:30 PM,1,Houston Rockets,Dallas Mavericks,1,American Airlines Center
3/24,7:00 PM,7:00 PM,1,Portland Trail Blazers,Charlotte Hornets,2,Spectrum Center
3/24,7:00 PM,7:00 PM,3IN4,Sacramento Kings,Cleveland Cavaliers,2,Rocket Mortgage FieldHouse
3/24,7:30 PM,7:30 PM,3IN4,Los Angeles Lakers,Toronto Raptors,1,Scotiabank Arena
3/24,8:00 PM,7:00 PM,2,Memphis Grizzlies,New Orleans Pelicans,3IN4,Smoothie King Center
3/24,8:00 PM,7:00 PM,2,Philadelphia 76ers,Minnesota Timberwolves,1,Target Center
3/24,10:00 PM,8:00 PM,1,San Antonio Spurs,Utah Jazz,1,Vivint Smart Home Arena
3/25,7:00 PM,7:00 PM,1,Los Angeles Clippers,Brooklyn Nets,1,Barclays Center
3/25,7:00 PM,7:00 PM,3IN4-B2B,Portland Trail Blazers,Detroit Pistons,3IN4,Little Caesars Arena
3/25,7:00 PM,7:00 PM,1,Indiana Pacers,Orlando Magic,1,Amway Center
3/25,7:00 PM,7:00 PM,1,Phoenix Suns,Washington Wizards,1,Capital One Arena
3/25,7:30 PM,7:30 PM,3IN4,Denver Nuggets,Miami Heat,1,American Airlines Arena
3/25,7:30 PM,7:30 PM,3IN4-B2B,Toronto Raptors,New York Knicks,1,Madison Square Garden
3/25,8:00 PM,7:00 PM,1,Boston Celtics,Memphis Grizzlies,B2B,FedExForum
3/25,9:30 PM,8:30 PM,1,Houston Rockets,Milwaukee Bucks,1,Fiserv Forum
3/25,10:30 PM,7:30 PM,3+,Atlanta Hawks,Golden State Warriors,3+,Chase Center
3/26,7:00 PM,7:00 PM,1,Los Angeles Lakers,Cleveland Cavaliers,1,Rocket Mortgage FieldHouse
3/26,8:00 PM,7:00 PM,1,Charlotte Hornets,Oklahoma City Thunder,2,Chesapeake Energy Arena
3/26,8:00 PM,7:00 PM,1,Philadelphia 76ers,Chicago Bulls,2,United Center
3/26,8:00 PM,7:00 PM,1,San Antonio Spurs,Minnesota Timberwolves,1,Target Center
3/26,8:30 PM,7:30 PM,1,Utah Jazz,Dallas Mavericks,2,American Airlines Center
3/26,10:00 PM,7:00 PM,B2B,Atlanta Hawks,Sacramento Kings,1,Golden 1 Center
3/27,7:00 PM,7:00 PM,1,Brooklyn Nets,Orlando Magic,1,Amway Center
3/27,7:00 PM,7:00 PM,1,Los Angeles Clippers,Detroit Pistons,1,Little Caesars Arena
3/27,7:00 PM,7:00 PM,1,Houston Rockets,Indiana Pacers,1,Bankers Life Fieldhouse
3/27,7:00 PM,7:00 PM,1,Phoenix Suns,Philadelphia 76ers,3IN4-B2B,Wells Fargo Center
3/27,7:30 PM,7:30 PM,3IN4,Portland Trail Blazers,Boston Celtics,1,TD Garden
3/27,8:00 PM,7:00 PM,1,New York Knicks,New Orleans Pelicans,2,Smoothie King Center
3/27,8:30 PM,7:30 PM,1,Washington Wizards,Milwaukee Bucks,1,Fiserv Forum
3/27,9:00 PM,7:00 PM,3IN4-B2B,San Antonio Spurs,Denver Nuggets,1,Pepsi Center
3/28,6:00 PM,6:00 PM,1,Cleveland Cavaliers,Brooklyn Nets,3IN4-B2B,Barclays Center
3/28,7:00 PM,7:00 PM,3IN4-B2B,Los Angeles Clippers,Charlotte Hornets,1,Spectrum Center
3/28,8:00 PM,7:00 PM,3IN4-B2B,New York Knicks,Chicago Bulls,1,United Center
3/28,8:00 PM,8:00 PM,1,Los Angeles Lakers,Washington Wizards,3IN4-B2B,Capital One Arena
3/28,8:00 PM,7:00 PM,2,Toronto Raptors,Memphis Grizzlies,2,FedExForum
3/28,8:00 PM,8:00 PM,3IN4-B2B,Phoenix Suns,Miami Heat,2,American Airlines Arena
3/28,8:30 PM,5:30 PM,1,Oklahoma City Thunder,Golden State Warriors,2,Chase Center
3/28,9:00 PM,7:00 PM,3IN4,Atlanta Hawks,Utah Jazz,1,Vivint Smart Home Arena
3/29,3:00 PM,2:00 PM,1,Milwaukee Bucks,Dallas Mavericks,2,American Airlines Center
3/29,5:00 PM,5:00 PM,1,Houston Rockets,Detroit Pistons,1,Little Caesars Arena
3/29,6:00 PM,6:00 PM,2,Minnesota Timberwolves,Boston Celtics,1,TD Garden
3/29,6:00 PM,6:00 PM,1,New Orleans Pelicans,Orlando Magic,1,Amway Center
3/29,7:30 PM,7:30 PM,1,Portland Trail Blazers,Philadelphia 76ers,3IN4,Wells Fargo Center
3/29,8:30 PM,5:30 PM,3IN4,San Antonio Spurs,Golden State Warriors,B2B,Chase Center
3/29,9:00 PM,6:00 PM,1,Indiana Pacers,Sacramento Kings,2,Golden 1 Center
3/30,7:00 PM,7:00 PM,1,Miami Heat,Charlotte Hornets,1,Spectrum Center
3/30,7:00 PM,7:00 PM,3IN4,Phoenix Suns,Cleveland Cavaliers,1,Rocket Mortgage FieldHouse
3/30,7:30 PM,7:30 PM,3IN4-B2B,Portland Trail Blazers,Brooklyn Nets,3IN4,Barclays Center
3/30,7:30 PM,7:30 PM,1,Memphis Grizzlies,Toronto Raptors,1,Scotiabank Arena
3/30,8:00 PM,7:00 PM,1,Los Angeles Lakers,Minnesota Timberwolves,B2B,Target Center
3/30,9:00 PM,7:00 PM,1,Chicago Bulls,Utah Jazz,1,Vivint Smart Home Arena
3/30,9:00 PM,7:00 PM,1,Oklahoma City Thunder,Denver Nuggets,2,Pepsi Center
3/30,10:30 PM,7:30 PM,3IN4-B2B,Indiana Pacers,Los Angeles Clippers,3IN4,Staples Center
3/31,7:30 PM,7:30 PM,1,New Orleans Pelicans,Atlanta Hawks,2,State Farm Arena
3/31,7:30 PM,7:30 PM,1,Houston Rockets,Philadelphia 76ers,1,Wells Fargo Center
3/31,10:00 PM,7:00 PM,B2B,Denver Nuggets,Golden State Warriors,3IN4,Chase Center
3/31,10:00 PM,7:00 PM,1,San Antonio Spurs,Sacramento Kings,1,Golden 1 Center
4/1,7:00 PM,7:00 PM,1,Charlotte Hornets,Orlando Magic,2,Amway Center
4/1,7:00 PM,7:00 PM,3IN4-B2B,New Orleans Pelicans,Washington Wizards,3+,Capital One Arena
4/1,7:30 PM,7:30 PM,1,Miami Heat,Boston Celtics,2,TD Garden
4/1,7:30 PM,7:30 PM,2,Detroit Pistons,Brooklyn Nets,1,Barclays Center
4/1,8:00 PM,7:00 PM,2,Dallas Mavericks,Minnesota Timberwolves,3IN4,Target Center
4/1,8:00 PM,7:00 PM,3+,New York Knicks,Memphis Grizzlies,1,FedExForum
4/1,8:00 PM,7:00 PM,1,Phoenix Suns,Oklahoma City Thunder,1,Chesapeake Energy Arena
4/1,9:00 PM,7:00 PM,1,Cleveland Cavaliers,Utah Jazz,1,Vivint Smart Home Arena
4/1,9:00 PM,8:00 PM,1,Toronto Raptors,Milwaukee Bucks,2,Fiserv Forum
4/1,10:30 PM,7:30 PM,3IN4,Indiana Pacers,Los Angeles Lakers,1,Staples Center
4/2,8:00 PM,7:00 PM,1,Golden State Warriors,Houston Rockets,1,Toyota Center
4/2,10:00 PM,7:00 PM,2,Los Angeles Clippers,Sacramento Kings,1,Golden 1 Center
4/2,10:30 PM,7:30 PM,3IN4-B2B,Utah Jazz,Portland Trail Blazers,2,Moda Center
4/3,7:00 PM,7:00 PM,1,Brooklyn Nets,Indiana Pacers,1,Bankers Life Fieldhouse
4/3,7:00 PM,7:00 PM,1,Miami Heat,Detroit Pistons,1,Little Caesars Arena
4/3,7:00 PM,7:00 PM,2,Philadelphia 76ers,Washington Wizards,1,Capital One Arena
4/3,7:30 PM,7:30 PM,1,Charlotte Hornets,Atlanta Hawks,2,State Farm Arena
4/3,7:30 PM,7:30 PM,1,Orlando Magic,Boston Celtics,1,TD Garden
4/3,7:30 PM,7:30 PM,1,Milwaukee Bucks,Toronto Raptors,1,Scotiabank Arena
4/3,7:30 PM,7:30 PM,1,Minnesota Timberwolves,New York Knicks,1,Madison Square Garden
4/3,8:00 PM,7:00 PM,1,Dallas Mavericks,Memphis Grizzlies,1,FedExForum
4/3,8:30 PM,7:30 PM,3IN4-B2B,Golden State Warriors,San Antonio Spurs,2,AT&T Center
4/3,9:00 PM,7:00 PM,3+,Chicago Bulls,Denver Nuggets,2,Pepsi Center
4/3,10:00 PM,7:00 PM,1,Cleveland Cavaliers,Phoenix Suns,1,Talking Stick Resort Arena
4/4,3:30 PM,12:30 PM,2,Oklahoma City Thunder,Los Angeles Clippers,1,Staples Center
4/4,10:00 PM,7:00 PM,2,Los Angeles Lakers,Sacramento Kings,1,Golden 1 Center
4/5,1:00 PM,1:00 PM,1,Atlanta Hawks,Charlotte Hornets,1,Spectrum Center
4/5,1:00 PM,1:00 PM,1,Orlando Magic,Philadelphia 76ers,1,Wells Fargo Center
4/5,3:30 PM,3:30 PM,1,Milwaukee Bucks,Boston Celtics,1,TD Garden
4/5,5:00 PM,5:00 PM,1,Washington Wizards,Indiana Pacers,1,Bankers Life Fieldhouse
4/5,5:00 PM,5:00 PM,1,Miami Heat,New York Knicks,1,Madison Square Garden
4/5,6:00 PM,6:00 PM,1,Dallas Mavericks,Brooklyn Nets,1,Barclays Center
4/5,6:00 PM,3:00 PM,1,Chicago Bulls,Phoenix Suns,1,Talking Stick Resort Arena
4/5,6:00 PM,4:00 PM,2,Utah Jazz,Denver Nuggets,1,Pepsi Center
4/5,7:00 PM,6:00 PM,1,Detroit Pistons,Minnesota Timberwolves,1,Target Center
4/5,7:00 PM,6:00 PM,1,Toronto Raptors,Houston Rockets,2,Toyota Center
4/5,7:00 PM,6:00 PM,3+,New Orleans Pelicans,San Antonio Spurs,1,AT&T Center
4/5,9:00 PM,6:00 PM,1,Cleveland Cavaliers,Sacramento Kings,3IN4-B2B,Golden 1 Center
4/5,9:00 PM,6:00 PM,1,Memphis Grizzlies,Portland Trail Blazers,2,Moda Center
4/5,9:30 PM,6:30 PM,B2B,Oklahoma City Thunder,Los Angeles Lakers,B2B,Staples Center
4/7,7:00 PM,7:00 PM,1,Toronto Raptors,Washington Wizards,1,Capital One Arena
4/7,7:30 PM,7:30 PM,1,Detroit Pistons,Atlanta Hawks,1,State Farm Arena
4/7,7:30 PM,7:30 PM,1,Indiana Pacers,Miami Heat,1,American Airlines Arena
4/7,7:30 PM,7:30 PM,1,Milwaukee Bucks,Philadelphia 76ers,1,Wells Fargo Center
4/7,8:00 PM,7:00 PM,1,Brooklyn Nets,Oklahoma City Thunder,3IN4,Chesapeake Energy Arena
4/7,8:00 PM,7:00 PM,1,Charlotte Hornets,New Orleans Pelicans,1,Smoothie King Center
4/7,8:00 PM,7:00 PM,1,Phoenix Suns,Minnesota Timberwolves,1,Target Center
4/7,8:30 PM,7:30 PM,1,Houston Rockets,Dallas Mavericks,1,American Airlines Center
4/7,8:30 PM,7:30 PM,3IN4,Sacramento Kings,San Antonio Spurs,1,AT&T Center
4/7,9:00 PM,7:00 PM,1,Memphis Grizzlies,Denver Nuggets,1,Pepsi Center
4/7,10:00 PM,7:00 PM,1,Cleveland Cavaliers,Portland Trail Blazers,1,Moda Center
4/7,10:00 PM,8:00 PM,2,Los Angeles Clippers,Utah Jazz,1,Vivint Smart Home Arena
4/7,10:30 PM,7:30 PM,1,Chicago Bulls,Los Angeles Lakers,3IN4,Staples Center
4/8,7:00 PM,7:00 PM,3IN4-B2B,Indiana Pacers,Boston Celtics,2,TD Garden
4/8,7:00 PM,7:00 PM,3IN4-B2B,Toronto Raptors,Charlotte Hornets,3IN4-B2B,Spectrum Center
4/8,7:30 PM,7:30 PM,2,Orlando Magic,New York Knicks,2,Madison Square Garden
4/8,9:30 PM,8:30 PM,3IN4-B2B,San Antonio Spurs,Houston Rockets,3IN4-B2B,Toyota Center
4/8,10:30 PM,7:30 PM,3IN4-B2B,Chicago Bulls,Los Angeles Clippers,B2B,Staples Center
4/8,10:30 PM,7:30 PM,3IN4-B2B,Cleveland Cavaliers,Golden State Warriors,3+,Chase Center
4/9,7:30 PM,7:30 PM,1,Detroit Pistons,Miami Heat,1,American Airlines Arena
4/9,8:00 PM,7:00 PM,1,Brooklyn Nets,Milwaukee Bucks,1,Fiserv Forum
4/9,8:00 PM,7:00 PM,1,Sacramento Kings,Minnesota Timberwolves,1,Target Center
4/9,8:00 PM,7:00 PM,1,Phoenix Suns,New Orleans Pelicans,1,Smoothie King Center
4/9,10:00 PM,7:00 PM,1,Denver Nuggets,Portland Trail Blazers,1,Moda Center
4/9,10:30 PM,7:30 PM,B2B,Golden State Warriors,Los Angeles Lakers,1,Staples Center
4/10,7:00 PM,7:00 PM,1,Boston Celtics,Orlando Magic,1,Amway Center
4/10,7:30 PM,7:30 PM,2,Atlanta Hawks,Toronto Raptors,3IN4,Scotiabank Arena
4/10,8:00 PM,7:00 PM,2,Washington Wizards,Houston Rockets,3IN4,Toyota Center
4/10,8:00 PM,7:00 PM,1,New York Knicks,Oklahoma City Thunder,2,Chesapeake Energy Arena
4/10,8:30 PM,7:30 PM,2,Philadelphia 76ers,San Antonio Spurs,3IN4,AT&T Center
4/11,3:00 PM,2:00 PM,1,Detroit Pistons,Dallas Mavericks,3+,American Airlines Center
4/11,7:00 PM,7:00 PM,B2B,Washington Wizards,Charlotte Hornets,2,Spectrum Center
4/11,7:00 PM,7:00 PM,3IN4-B2B,Orlando Magic,Indiana Pacers,2,Bankers Life Fieldhouse
4/11,7:00 PM,6:00 PM,B2B,Philadelphia 76ers,New Orleans Pelicans,1,Smoothie King Center
4/11,7:30 PM,7:30 PM,1,Milwaukee Bucks,Cleveland Cavaliers,2,Rocket Mortgage FieldHouse
4/11,8:00 PM,8:00 PM,3IN4-B2B,Boston Celtics,Miami Heat,1,American Airlines Arena
4/11,8:00 PM,7:00 PM,1,Brooklyn Nets,Chicago Bulls,2,United Center
4/11,8:00 PM,7:00 PM,B2B,Oklahoma City Thunder,Memphis Grizzlies,3+,FedExForum
4/11,8:30 PM,5:30 PM,3IN4,Golden State Warriors,Los Angeles Clippers,2,Staples Center
4/11,9:00 PM,7:00 PM,1,Sacramento Kings,Denver Nuggets,1,Pepsi Center
4/11,10:00 PM,7:00 PM,3+,Utah Jazz,Phoenix Suns,1,Talking Stick Resort Arena
4/12,3:30 PM,2:30 PM,1,Houston Rockets,San Antonio Spurs,1,AT&T Center
4/12,6:00 PM,6:00 PM,1,New York Knicks,Toronto Raptors,1,Scotiabank Arena
4/12,7:00 PM,6:00 PM,1,Atlanta Hawks,Milwaukee Bucks,3IN4-B2B,Fiserv Forum
4/12,9:30 PM,6:30 PM,2,Minnesota Timberwolves,Los Angeles Lakers,2,Staples Center
4/13,7:00 PM,7:00 PM,3IN4,Boston Celtics,Detroit Pistons,1,Little Caesars Arena
4/13,7:00 PM,7:00 PM,1,Brooklyn Nets,Cleveland Cavaliers,1,Rocket Mortgage FieldHouse
4/13,7:00 PM,7:00 PM,1,Miami Heat,Charlotte Hornets,1,Spectrum Center
4/13,7:00 PM,7:00 PM,3IN4-B2B,San Antonio Spurs,Indiana Pacers,1,Bankers Life Fieldhouse
4/13,8:00 PM,7:00 PM,3IN4,Orlando Magic,Chicago Bulls,1,United Center
4/13,8:00 PM,7:00 PM,1,Phoenix Suns,Houston Rockets,3IN4-B2B,Toyota Center
4/13,8:00 PM,7:00 PM,3IN4,Philadelphia 76ers,Memphis Grizzlies,1,FedExForum
4/13,8:00 PM,7:00 PM,3IN4,Washington Wizards,New Orleans Pelicans,1,Smoothie King Center
4/13,8:00 PM,7:00 PM,1,Utah Jazz,Oklahoma City Thunder,3IN4,Chesapeake Energy Arena
4/13,9:00 PM,7:00 PM,1,Dallas Mavericks,Denver Nuggets,1,Pepsi Center
4/13,10:30 PM,7:30 PM,3+,Portland Trail Blazers,Golden State Warriors,1,Chase Center
4/13,10:30 PM,7:30 PM,B2B,Minnesota Timberwolves,Los Angeles Clippers,1,Staples Center
4/14,7:30 PM,7:30 PM,3IN4-B2B,Detroit Pistons,New York Knicks,1,Madison Square Garden
4/14,7:30 PM,7:30 PM,1,Toronto Raptors,Miami Heat,3IN4-B2B,American Airlines Arena
4/14,10:00 PM,8:00 PM,3IN4-B2B,Denver Nuggets,Utah Jazz,3IN4-B2B,Vivint Smart Home Arena
4/14,10:30 PM,7:30 PM,2,Sacramento Kings,Los Angeles Lakers,1,Staples Center
4/15,7:30 PM,7:30 PM,1,Cleveland Cavaliers,Atlanta Hawks,2,State Farm Arena
4/15,7:30 PM,7:30 PM,1,Chicago Bulls,Boston Celtics,1,TD Garden
4/15,7:30 PM,7:30 PM,2,Milwaukee Bucks,Brooklyn Nets,1,Barclays Center
4/15,7:30 PM,7:30 PM,1,Charlotte Hornets,Philadelphia 76ers,1,Wells Fargo Center
4/15,7:30 PM,6:30 PM,1,Oklahoma City Thunder,Dallas Mavericks,1,American Airlines Center
4/15,7:30 PM,6:30 PM,1,Memphis Grizzlies,Houston Rockets,3IN4,Toyota Center
4/15,7:30 PM,7:30 PM,1,Indiana Pacers,Washington Wizards,1,Capital One Arena
4/15,7:30 PM,6:30 PM,3IN4-B2B,New York Knicks,Minnesota Timberwolves,3IN4,Target Center
4/15,7:30 PM,6:30 PM,1,New Orleans Pelicans,San Antonio Spurs,3IN4,AT&T Center
4/15,7:30 PM,7:30 PM,3IN4-B2B,Toronto Raptors,Orlando Magic,1,Amway Center
4/15,10:00 PM,7:00 PM,1,Golden State Warriors,Sacramento Kings,B2B,Golden 1 Center
4/15,10:00 PM,7:00 PM,1,Los Angeles Clippers,Portland Trail Blazers,1,Moda Center
4/15,10:00 PM,7:00 PM,3IN4-B2B,Los Angeles Lakers,Phoenix Suns,1,Talking Stick Resort Arena